Exercise Name,Image URL
Bench Press,https://gymvisual.com/animated-gifs/1519-barbell-bench-press.html?search_query=barbell+bench+press&results=136
Bench Pin Press,https://gymvisual.com/animated-gifs/14134-barbell-pin-chest-press.html?search_query=barbell+pin+press&results=12
Bench Pin Press Hold,https://gymvisual.com/animated-gifs/18266-barbell-pin-bench-press-conventional-grip-male.html#/47-style_type-basic_grey
Wide-Grip Bench Press,https://gymvisual.com/animated-gifs/1620-barbell-wide-bench-press.html#/47-style_type-basic_grey
Close-Grip Bench Press,https://gymvisual.com/animated-gifs/1524-barbell-close-grip-bench-press.html?search_query=Barbell+close+grip+Bench+Press&results=21
Close-Grip Incline Bench Press,https://gymvisual.com/animated-gifs/3731-barbell-incline-close-grip-bench-press.html?search_query=Barbell+close+grip+Bench+Press&results=21
Converging Smith Bench Press,
Converging Smith Decline Bench Press,
Converging Smith Incline Bench Press,
Decline Bench Press,https://gymvisual.com/animated-gifs/1527-barbell-decline-bench-press.html?search_query=barbell+decline+bench+press&results=12
Decline Dumbbell Bench Press,https://gymvisual.com/animated-gifs/1794-dumbbell-decline-bench-press.html?search_query=decline+dumbbell+bench+press&results=9
Dumbbell Bench Press,https://gymvisual.com/animated-gifs/1782-dumbbell-bench-press.html?search_query=dumbbell+bench+press&results=66
Dumbbell Squeeze Press,https://gymvisual.com/animated-gifs/9923-dumbbell-squeeze-bench-press.html?search_query=dumbbell+bench+press&results=66
Incline Bench Press,https://gymvisual.com/animated-gifs/1541-barbell-incline-bench-press.html?search_query=barbell+incline+bench+press&results=20
Incline Dumbbell Bench Press,https://gymvisual.com/animated-gifs/1807-dumbbell-incline-bench-press.html?search_query=incline+dumbbell+bench+press&results=12
JM Press,
Reverse-Grip Bench Press,https://gymvisual.com/animated-gifs/13554-barbell-reverse-grip-bench-press.html?search_query=reverse+grip+bench+press&results=26
Reverse-Grip Dumbbell Bench Press,https://gymvisual.com/animated-gifs/3562-dumbbell-reverse-bench-press.html#/47-style_type-basic_grey
Single-Arm Dumbbell Bench Press,https://gymvisual.com/animated-gifs/9937-dumbbell-alternate-bench-press-high-start.html#/47-style_type-basic_grey
Smith Machine Bench Press,https://gymvisual.com/animated-gifs/2231-smith-bench-press.html?search_query=smith+bench&results=37
Smith Machine Incline Bench Press,https://gymvisual.com/animated-gifs/2240-smith-incline-bench-press.html?search_query=smith+incline+bench&results=6
Smith Machine Guillotine Press,
Guillotine Press,https://gymvisual.com/animated-gifs/1539-barbell-guillotine-bench-press.html?search_query=guillotine+press&results=3
Spoto Press,
Incline Chest Press,https://gymvisual.com/animated-gifs/2646-lever-incline-hammer-chest-press.html?search_query=lever+incline+chest+press&results=31
Machine Chest Press,https://gymvisual.com/animated-gifs/2074-lever-chest-press.html?search_query=lever+machine+chest+press&results=100
Plate-Loaded Chest Press,https://gymvisual.com/animated-gifs/2073-lever-chest-press-plate-loaded.html?search_query=lever+machine+chest+press&results=100
Plate-Loaded Decline Chest Press,https://gymvisual.com/animated-gifs/3073-lever-decline-chest-press.html?search_query=lever+machine+chest+press&results=100
Plate-Loaded Incline Chest Press,https://gymvisual.com/animated-gifs/3072-leverage-incline-chest-press.html?search_query=lever+machine+chest+press&results=100
Standing Cable Chest Press,https://gymvisual.com/animated-gifs/8816-cable-standing-chest-press.html?search_query=standing+cable+chest+press&results=12
Dumbbell Floor Press,https://gymvisual.com/animated-gifs/8890-dumbbell-lying-on-floor-chest-press.html?search_query=dumbbell+floor+press&results=34
Floor Press,https://gymvisual.com/animated-gifs/8911-barbell-floor-chest-press.html?search_query=floor+chest+press&results=55
Clean,https://gymvisual.com/animated-gifs/11460-barbell-full-clean.html#/47-style_type-basic_grey
Clean and Jerk,https://gymvisual.com/animated-gifs/19622-barbell-clean-and-jerk.html#/47-style_type-basic_grey
Clean and Press,https://gymvisual.com/animated-gifs/1522-barbell-clean-and-press.html#/47-style_type-basic_grey
Clean High Pull,https://gymvisual.com/animated-gifs/14257-barbell-clean-high-pull.html#/47-style_type-basic_grey
Clean Pull,https://gymvisual.com/animated-gifs/3380-barbell-clean-pull.html#/47-style_type-basic_grey
Dumbbell Clean and Press,https://gymvisual.com/animated-gifs/12804-dumbbell-clean-and-press.html#/47-style_type-basic_grey
Dumbbell Hang Clean,https://gymvisual.com/animated-gifs/12217-dumbbell-hang-clean.html#/47-style_type-basic_grey
Dumbbell High Pull,https://gymvisual.com/animated-gifs/14155-dumbbell-high-pull.html?search_query=dumbbell+high+pull&results=2
Hang Clean,https://gymvisual.com/animated-gifs/3383-barbell-hang-clean.html#/47-style_type-basic_grey
Hang Power Clean,https://gymvisual.com/animated-gifs/14256-barbell-hang-power-clean.html#/47-style_type-basic_grey
High Pull,https://gymvisual.com/animated-gifs/22108-barbell-high-pull-male.html?search_query=barbell+high+pull&results=12
Power Clean,https://gymvisual.com/animated-gifs/2141-power-clean.html#/47-style_type-basic_grey
Dumbbell Snatch,https://gymvisual.com/animated-gifs/9063-dumbbell-one-arm-snatch.html#/47-style_type-basic_grey
Hang Power Snatch,https://gymvisual.com/animated-gifs/3393-barbell-power-snatch.html?search_query=power+snatch&results=6
Hang Snatch,https://gymvisual.com/animated-gifs/3385-barbell-hang-snatch.html#/47-style_type-basic_grey
Muscle Snatch,https://gymvisual.com/animated-gifs/3389-barbell-muscle-snatch.html?search_query=muscle+snatch&results=2
Power Snatch,https://gymvisual.com/animated-gifs/3393-barbell-power-snatch.html#/47-style_type-basic_grey
Snatch,https://gymvisual.com/animated-gifs/3396-barbell-snatch.html#/47-style_type-basic_grey
Snatch Pull,https://gymvisual.com/animated-gifs/2259-snatch-pull.html?search_query=snatch+pull&results=5
Power Jerk,https://gymvisual.com/animated-gifs/3392-barbell-power-jerk.html#/47-style_type-basic_grey
Push Jerk,
Split Jerk,https://gymvisual.com/animated-gifs/3404-barbell-split-jerk.html#/47-style_type-basic_grey
Squat Jerk,https://gymvisual.com/animated-gifs/2269-squat-jerk.html#/47-style_type-basic_grey
Band Pull-Apart,https://gymvisual.com/animated-gifs/12292-resistance-band-pull-apart.html#/47-style_type-basic_grey
Cable Chest Fly,https://gymvisual.com/animated-gifs/1681-cable-middle-fly.html?search_query=cable+chest+fly&results=78
High to Low Cable Chest Fly,https://gymvisual.com/animated-gifs/1720-cable-standing-fly.html#/47-style_type-basic_grey
Low to High Cable Chest Fly,https://gymvisual.com/animated-gifs/1672-cable-low-fly.html?search_query=cable+chest+fly&results=78
Cable Reverse Fly,https://gymvisual.com/animated-gifs/20003-cable-45-degrees-reverse-fly-male.html?search_query=cable+reverse+fly&results=22
Dumbbell Chest Fly,https://gymvisual.com/animated-gifs/1801-dumbbell-fly.html?search_query=dumbbell+chest+fly&results=100
Incline Dumbbell Chest Fly,https://gymvisual.com/animated-gifs/1820-dumbbell-incline-fly.html?search_query=incline+dumbbell+fly&results=36
Decline Dumbbell Chest Fly,https://gymvisual.com/animated-gifs/1795-dumbbell-decline-fly.html?search_query=decline+dumbbell+fly&results=13
Reverse Dumbbell Fly,https://gymvisual.com/animated-gifs/1884-dumbbell-reverse-fly.html?search_query=reverse+dumbbell+fly&results=19
Machine Chest Fly,https://gymvisual.com/animated-gifs/2093-lever-seated-fly.html?search_query=machine+chest+fly&results=21
Machine Reverse Fly,https://gymvisual.com/animated-gifs/2099-lever-seated-reverse-fly.html?search_query=machine+reverse+fly&results=10
Pec Deck Fly,https://gymvisual.com/animated-gifs/2499-lever-pec-deck-fly.html?search_query=pec+deck&results=6
Banded Chest Fly,https://gymvisual.com/animated-gifs/12042-band-chest-fly-male.html#/47-style_type-basic_grey
Hip Thrust,https://gymvisual.com/animated-gifs/4701-hip-thrusts.html#/47-style_type-basic_grey
Single-Leg Hip Thrust,https://gymvisual.com/animated-gifs/4700-single-leg-hip-thrusts.html#/47-style_type-basic_grey
Barbell Hip Thrust,https://gymvisual.com/animated-gifs/2520-barbell-hip-thrust.html?search_query=barbell+hip+thrust&results=18
Barbell Hip Thrust Hold,
Banded Hip Thrust,https://gymvisual.com/animated-gifs/10117-resistance-band-hip-thrusts.html#/47-style_type-basic_grey
Glute Bridge,https://gymvisual.com/animated-gifs/5512-glute-bridge-two-legs-on-floor.html#/47-style_type-basic_grey
Single-Leg Glute Bridge,https://gymvisual.com/animated-gifs/15267-single-straight-leg-glute-bridge-hold-left-female.html#/47-style_type-basic_grey
Barbell Glute Bridge,https://gymvisual.com/animated-gifs/6489-barbell-glute-bridge-hands-on-bar.html?search_query=barbell+glute+bridge&results=13
Glute-Ham Raise,https://gymvisual.com/animated-gifs/10998-glute-ham-raise-version-2.html?search_query=glute+ham+raise&results=25
Hamstring Bridge,
Pull-Up,https://gymvisual.com/animated-gifs/2145-pull-up.html#/47-style_type-basic_grey
Towel Pull-Up,
Weighted Pull-Up,https://gymvisual.com/animated-gifs/2322-weighted-pull-up.html#/47-style_type-basic_grey
Assisted Pull-Up,https://gymvisual.com/animated-gifs/1508-assisted-pull-up.html#/47-style_type-basic_grey
Neutral-Grip Pull-Up,https://gymvisual.com/animated-gifs/13420-shoulder-width-neutral-grip-pull-up.html#/47-style_type-basic_grey
Assisted Neutral-Grip Pull-Up,https://gymvisual.com/animated-gifs/1502-assisted-parallel-close-grip-pull-up.html#/47-style_type-basic_grey
Weighted Neutral-Grip Pull-Up,https://gymvisual.com/animated-gifs/8221-weighted-hammer-grip-pull-up-on-dip-cage.html#/47-style_type-basic_grey
Chin-Up,https://gymvisual.com/animated-gifs/3098-chin-up.html#/47-style_type-basic_grey
Assisted Chin-Up,https://gymvisual.com/animated-gifs/2669-assisted-close-grip-underhand-chin-up.html#/47-style_type-basic_grey
Weighted Chin-Up,https://gymvisual.com/animated-gifs/10153-weighted-chin-up-male.html#/47-style_type-basic_grey
Muscle-Up,https://gymvisual.com/animated-gifs/3171-muscle-up-on-vertical-bar.html#/47-style_type-basic_grey
Weighted Muscle-Up,https://gymvisual.com/animated-gifs/7215-weighted-muscle-up-on-bar.html#/47-style_type-basic_grey
Bench Dips,https://gymvisual.com/animated-gifs/12137-bench-dip-on-floor-version-2.html#/47-style_type-basic_grey
Bench Dips (Feet Elevated),https://gymvisual.com/animated-gifs/2294-triceps-dip-bench-leg.html#/47-style_type-basic_grey
Costal Dip,https://gymvisual.com/animated-gifs/1744-chest-dip.html?search_query=chest+dip&results=51
Dips,https://gymvisual.com/animated-gifs/2296-triceps-dip.html#/47-style_type-basic_grey
Weighted Dip,https://gymvisual.com/animated-gifs/3767-weighted-tricep-dips.html#/47-style_type-basic_grey
Machine Seated Dip,https://gymvisual.com/animated-gifs/2924-lever-seated-dip.html?search_query=machine+seated+dip&results=6
Sit-Up,https://gymvisual.com/animated-gifs/2218-sit-up-version-2.html#/47-style_type-basic_grey
Decline Sit-Up,https://gymvisual.com/animated-gifs/1775-decline-sit-up.html?search_query=decline+sit+up&results=40
Jackknife Sit-Up,https://gymvisual.com/animated-gifs/2005-jackknife-sit-up.html?search_query=jackknife+sit+up&results=4
Bicycle Crunch,https://gymvisual.com/animated-gifs/15580-bicycle-crunch-male.html?search_query=bicycle+crunch&results=16
Kneeling Cable Crunch,https://gymvisual.com/animated-gifs/14259-cable-kneeling-crunch-version-2.html?search_query=cable+crunch&results=48
Standing Cable Crunch,https://gymvisual.com/animated-gifs/2354-cable-standing-crunch-with-rope-attachment.html#/47-style_type-basic_grey
Seated Cable Crunch,https://gymvisual.com/animated-gifs/1705-cable-seated-crunch.html?search_query=cable+crunch&results=48
Crunch,https://gymvisual.com/animated-gifs/1767-crunch-floor-m.html#/47-style_type-basic_grey
Decline Crunch,https://gymvisual.com/animated-gifs/1770-decline-crunch.html#/47-style_type-basic_grey
Machine Seated Crunch,https://gymvisual.com/animated-gifs/2925-lever-seated-crunch.html#/47-style_type-basic_grey
Reverse Crunch,https://gymvisual.com/animated-gifs/10964-reverse-crunch-version-3.html#/47-style_type-basic_grey
Side Crunch,https://gymvisual.com/animated-gifs/2196-side-crunch.html#/47-style_type-basic_grey
Arch Body Hold,
Front Rack Hold,
Handstand Hold,https://gymvisual.com/animated-gifs/16445-handstand-hold-on-wall-male.html#/47-style_type-basic_grey
Hollow Body Hold,https://gymvisual.com/animated-gifs/4440-hollow-hold.html#/47-style_type-basic_grey
Overhead Hold,
Thick-Bar Hold,
Trap Bar Hold,
Copenhagen Plank,
Kneeling Plank,https://gymvisual.com/animated-gifs/8337-kneeling-plank-male.html#/47-style_type-basic_grey
Plank,https://gymvisual.com/animated-gifs/4402-front-plank.html#/47-style_type-basic_grey
Reverse Plank Hold,https://gymvisual.com/animated-gifs/4419-reverse-plank.html#/47-style_type-basic_grey
Side Plank,https://gymvisual.com/animated-gifs/21565-side-plank-rotation.html#/47-style_type-basic_grey
Arnold Press,https://gymvisual.com/animated-gifs/4176-dumbbell-arnold-press.html?search_query=arnold+press&results=31
Behind the Neck Press,https://gymvisual.com/animated-gifs/2271-standing-behind-neck-press.html?search_query=barbell+behind+neck+press&results=3
Bradford Press,https://gymvisual.com/animated-gifs/1603-barbell-standing-bradford-press.html?search_query=bradford+press&results=4
Converging Smith Shoulder Press,
Cuban Press,https://gymvisual.com/animated-gifs/1792-dumbbell-cuban-press.html?search_query=cuban+press&results=8
Dumbbell Push Press,https://gymvisual.com/animated-gifs/3669-dumbbell-push-press.html?search_query=push+press&results=27
Dumbbell Shoulder Press,https://gymvisual.com/animated-gifs/1927-dumbbell-standing-overhead-press.html?search_query=dumbbell+shoulder+press&results=171
Dumbbell Z Press,https://gymvisual.com/illustrations/14146-dumbbell-z-press.html?search_query=dumbbell+y+press&results=433
Kettlebell Bottoms-Up Press,https://gymvisual.com/animated-gifs/8923-kettlebell-standing-bottoms-up-one-arm-shoulder-press.html?search_query=Kettlebell+Bottoms-Up+Press&results=11
Landmine Press,https://gymvisual.com/animated-gifs/21298-landmine-half-kneeling-shoulders-press.html?search_query=landmine+press&results=40
Machine Shoulder Press,https://gymvisual.com/animated-gifs/2927-lever-seated-shoulder-press.html?search_query=machine+shoulder+press&results=63
Military Press,https://gymvisual.com/animated-gifs/2620-barbell-standing-military-press-without-rack.html?search_query=barbell+military+press&results=30
Overhead Press Pin Hold,
Plate-Loaded Shoulder Press,https://gymvisual.com/animated-gifs/2349-lever-shoulder-press-plate-loaded-version-2.html?search_query=plate+loaded+shoulder+press&results=21
Push Press,https://gymvisual.com/animated-gifs/2651-push-press.html?search_query=push+press&results=27
Seated Dumbbell Shoulder Press,https://gymvisual.com/animated-gifs/1906-dumbbell-seated-shoulder-press.html#/47-style_type-basic_grey
Seated Shoulder Press,
Overhead Pin Press,https://gymvisual.com/animated-gifs/14157-barbell-standing-shoulder-pin-press.html?search_query=shoulder+pin+press&results=2
Overhead Press,https://gymvisual.com/animated-gifs/12838-barbell-standing-shoulders-press.html?search_query=barbell+shoulder+press&results=90
Single-Arm Landmine Press,https://gymvisual.com/animated-gifs/8849-landmine-kneeling-one-arm-shoulder-press.html?search_query=landmine+press&results=40
Viking Press,https://gymvisual.com/animated-gifs/6687-strongman-viking-press.html?search_query=viking+press&results=5
Y Press,
Z Press,https://gymvisual.com/animated-gifs/12382-barbell-z-press.html#/47-style_type-basic_grey
Cable External Rotation,https://gymvisual.com/animated-gifs/1728-cable-standing-shoulder-external-rotation.html?search_query=cable+external+rotation&results=22
Band External Rotation,https://gymvisual.com/animated-gifs/2396-band-standing-external-shoulder-rotation.html#/47-style_type-basic_grey
Seated Dumbbell External Rotation,https://gymvisual.com/animated-gifs/12398-dumbbell-seated-external-shoulder-rotation.html#/47-style_type-basic_grey
Cable Internal Rotation,https://gymvisual.com/animated-gifs/13552-cable-shoulder-internal-rotation.html#/47-style_type-basic_grey
Band Internal Rotation,https://gymvisual.com/animated-gifs/19251-resistance-band-standing-shoulder-internal-rotation-male.html#/47-style_type-basic_grey
Banded Lateral Raise,https://gymvisual.com/animated-gifs/2449-band-front-lateral-raise.html#/47-style_type-basic_grey
Cable Lateral Raise,https://gymvisual.com/animated-gifs/1586-cable-lateral-raise.html?search_query=cable+lateral+raise&results=48
Dumbbell Lateral Raise,https://gymvisual.com/animated-gifs/1835-dumbbell-lateral-raise.html?search_query=dumbbell+lateral+raise&results=133
Machine Lateral Raise,https://gymvisual.com/animated-gifs/2081-lever-lateral-raise.html?search_query=machine+lateral+raise&results=16
Barbell Front Raise,https://gymvisual.com/animated-gifs/1535-barbell-front-raise.html?search_query=barbell+front+raise&results=30
Dumbbell Front Raise,https://gymvisual.com/animated-gifs/1803-dumbbell-front-raise.html?search_query=dumbbell+front+raise&results=92
Plate Front Raise,https://gymvisual.com/animated-gifs/12363-weighted-plate-standing-high-front-raise.html?search_query=plate+raise&results=26
I-Y-T Raise (on Bench),
Incline Y Raise,
Scaption Raise,
Dumbbell Face Pull,https://gymvisual.com/animated-gifs/14154-dumbbell-bent-over-face-pull.html?search_query=dumbbell+face+pull&results=3
Face Pull,https://gymvisual.com/animated-gifs/14130-cable-standing-face-pull-with-rope.html?search_query=face+pull&results=45
Barbell Shrug,https://gymvisual.com/animated-gifs/1592-barbell-shrug.html#/47-style_type-basic_grey
Behind the Back Barbell Shrug,https://gymvisual.com/animated-gifs/8917-barbell-behind-the-back-shrug.html#/47-style_type-basic_grey
Cable Shrug,https://gymvisual.com/animated-gifs/1713-cable-shrug.html?search_query=cable+shrug&results=14
Dumbbell Shrug,https://gymvisual.com/animated-gifs/1907-dumbbell-shrug.html#/47-style_type-basic_grey
Trap Bar Shrug,https://gymvisual.com/animated-gifs/10154-trap-bar-standing-shrug-male.html?search_query=trap+bar+shrug&results=10
Machine Shrug,https://gymvisual.com/animated-gifs/2101-lever-shrug-plate-loaded.html#/47-style_type-basic_grey
Power Shrug,https://gymvisual.com/animated-gifs/14151-barbell-power-shrug.html#/47-style_type-basic_grey
Smith Machine Shrug,https://gymvisual.com/animated-gifs/2250-smith-shrug.html?search_query=smith+machine+shrug&results=14
Ab Wheel Roll-Out,https://gymvisual.com/animated-gifs/2338-wheel-rollout.html?search_query=ab+wheel+rollout&results=21
Stability Ball Roll-Out,https://gymvisual.com/animated-gifs/21289-stability-ball-rollout-on-knees-male.html?search_query=stability+ball+rollout&results=12
Barbell Calf Raise,https://gymvisual.com/animated-gifs/1606-barbell-standing-leg-calf-raise.html?search_query=barbell+calf+raise&results=27
Bodyweight Calf Raise,https://gymvisual.com/animated-gifs/3143-bodyweight-standing-calf-raise.html#/47-style_type-basic_grey
Donkey Calf Raise,https://gymvisual.com/animated-gifs/2696-lever-donkey-calf-raise.html?search_query=donkey+calf+raise&results=16
Dumbbell Calf Raise,https://gymvisual.com/animated-gifs/1918-dumbbell-standing-calf-raise.html?search_query=dumbbell+calf+raise&results=47
Dumbbell Walking Calf Raise,https://gymvisual.com/animated-gifs/14250-dumbbell-walking-calf-raise.html?search_query=dumbbell+calf+raise&results=47
Leg Press Calf Raise,https://gymvisual.com/animated-gifs/3161-sled-calf-press-on-leg-press.html#/47-style_type-basic_grey
Plate-Loaded Standing Calf Raise,
Seated Calf Raise,https://gymvisual.com/animated-gifs/2091-lever-seated-calf-raise-plate-loaded.html#/47-style_type-basic_grey
Single-Leg Seated Calf Raise,https://gymvisual.com/animated-gifs/2666-lever-seated-one-leg-calf-raise.html#/47-style_type-basic_grey
Standing Calf Raise,https://gymvisual.com/animated-gifs/2102-lever-standing-calf-raise.html#/47-style_type-basic_grey
Elliptical Stride,https://gymvisual.com/animated-gifs/12069-walking-on-elliptical-machine-version-7-female.html#/47-style_type-basic_grey
Indoor Cycling,https://gymvisual.com/animated-gifs/9829-bicycle-recline-walk.html#/47-style_type-basic_grey
Ladder Climb,
Stair Climb,
Treadmill Walk/Run,https://gymvisual.com/animated-gifs/4766-walking-on-treadmill.html#/47-style_type-basic_grey
21s Curl,https://gymvisual.com/animated-gifs/13293-ez-bar-21s.html?search_query=21s&results=4
Band Biceps Curl,https://gymvisual.com/animated-gifs/10130-band-biceps-curl.html#/47-style_type-basic_grey
Barbell Curl,https://gymvisual.com/animated-gifs/1525-barbell-curl.html#/47-style_type-basic_grey
Barbell Reverse Curl,https://gymvisual.com/animated-gifs/1574-barbell-reverse-curl.html?search_query=barbell+reverse+curl&results=44
Barbell Wrist Curl,https://gymvisual.com/animated-gifs/1623-barbell-wrist-curl-version-2.html#/47-style_type-basic_grey
Cable Concentration Curl,https://gymvisual.com/animated-gifs/3568-cable-concentration-curl.html?search_query=cable+concentration+curl&results=14
Cable Curl With Bar,https://gymvisual.com/animated-gifs/3567-cable-close-grip-curl.html#/47-style_type-basic_grey
Cable Hammer Curl,https://gymvisual.com/animated-gifs/1658-cable-hammer-curl-with-rope-male.html?search_query=cable+hammer+curl&results=15
Cheat Curl,https://gymvisual.com/animated-gifs/14248-cheat-curl.html?search_query=cheat+curl&results=3
Concentration Curl,https://gymvisual.com/animated-gifs/1790-dumbbell-concentration-curl.html?search_query=dumbbell+concentration+curl&results=21
Drag Curl,https://gymvisual.com/animated-gifs/1532-barbell-drag-curl.html?search_query=drag+curl&results=31
Dumbbell Curl,https://gymvisual.com/animated-gifs/1778-dumbbell-alternate-biceps-curl.html#/47-style_type-basic_grey
Dumbbell Reverse Curl,https://gymvisual.com/animated-gifs/1930-dumbbell-standing-reverse-curl.html#/47-style_type-basic_grey
Dumbbell Reverse Wrist Curl,https://gymvisual.com/animated-gifs/1869-dumbbell-over-bench-revers-wrist-curl.html#/47-style_type-basic_grey
Dumbbell Wrist Curl,https://gymvisual.com/animated-gifs/1870-dumbbell-over-bench-wrist-curl.html#/47-style_type-basic_grey
EZ-Bar Curl,https://gymvisual.com/animated-gifs/1948-ez-barbell-curl.html#/47-style_type-basic_grey
EZ-Bar Reverse Curl,https://gymvisual.com/animated-gifs/1952-ez-barbell-reverse-grip-curl.html#/47-style_type-basic_grey
Hammer Curl,https://gymvisual.com/animated-gifs/1806-dumbbell-hammer-curl.html#/47-style_type-basic_grey
Lying Cable Curl,https://gymvisual.com/animated-gifs/3571-cable-lying-bicep-curl.html?search_query=lying+cable+curl&results=21
Incline Cable Curl,https://gymvisual.com/animated-gifs/14255-cable-incline-biceps-curl.html?search_query=incline+cable+curl&results=8
Incline Dumbbell Curl,https://gymvisual.com/animated-gifs/1808-dumbbell-incline-biceps-curl.html#/47-style_type-basic_grey
Incline Hammer Curl,https://gymvisual.com/animated-gifs/1821-dumbbell-incline-hammer-curl.html?search_query=incline+hammer+curl&results=18
Jefferson Curl,https://gymvisual.com/animated-gifs/17770-dumbbell-jefferson-curl-male.html?search_query=jefferson+curl&results=4
Machine Bicep Curl,https://gymvisual.com/animated-gifs/12122-lever-biceps-curl.html?search_query=machine+bicep+curl&results=23
Machine Preacher Curl,https://gymvisual.com/animated-gifs/2089-lever-preacher-curl.html?search_query=machine+preacher+curl&results=29
Overhead Cable Curl,https://gymvisual.com/animated-gifs/3573-cable-overhead-curl.html?search_query=overhead+cable+curl&results=13
Plate Wrist Curl,
Ez-Bar Preacher Curl,https://gymvisual.com/animated-gifs/16019-ez-barbell-preacher-curl.html#/47-style_type-basic_grey
Reverse Wrist Curl,https://gymvisual.com/animated-gifs/1573-barbell-revers-wrist-curl-version-2.html#/47-style_type-basic_grey
Seated Dumbbell Curl,https://gymvisual.com/animated-gifs/1892-dumbbell-seated-curl.html?search_query=seated+dumbbell+curl&results=80
Single-Arm Cable Bicep Curl,https://gymvisual.com/animated-gifs/1683-cable-one-arm-curl.html#/47-style_type-basic_grey
Single-Arm Dumbbell Preacher Curl,https://gymvisual.com/animated-gifs/1873-dumbbell-preacher-curl.html?search_query=dumbbell+preacher+curl&results=63
Spider Curl,https://gymvisual.com/animated-gifs/1955-ez-barbell-spider-curl.html?search_query=spider+curl&results=26
Strict Curl,https://gymvisual.com/animated-gifs/14158-barbell-srtict-curl.html?search_query=srtict+curl&results=9
Zottman Curl,https://gymvisual.com/animated-gifs/1940-dumbbell-zottman-curl.html?search_query=zottman+curl&results=18
Nordic Curl,https://gymvisual.com/animated-gifs/18424-nordic-hamstring-curl-male.html?search_query=nordic+hamstring+curl&results=6
Reverse Nordic Curl,
Neck Curl,https://gymvisual.com/animated-gifs/2512-weighted-lying-neck-flexion.html#/47-style_type-basic_grey
Deadlift,https://gymvisual.com/animated-gifs/1526-barbell-deadlift.html#/47-style_type-basic_grey
Single-Leg Deadlift,https://gymvisual.com/animated-gifs/3768-barbell-single-leg-deadlift.html#/47-style_type-basic_grey
Dumbbell Deadlift,https://gymvisual.com/animated-gifs/11281-dumbbell-deadlift-version-2-male.html#/47-style_type-basic_grey
Single-Leg Dumbbell Deadlift,https://gymvisual.com/animated-gifs/3769-dumbbell-single-leg-deadlift.html#/47-style_type-basic_grey
Deficit Deadlift,https://gymvisual.com/animated-gifs/14254-barbell-deadlift-from-deficit.html?search_query=deficit+deadlift&results=12
Behind the Back Deadlift,https://gymvisual.com/animated-gifs/14152-barbell-behind-the-back-deadlift.html?search_query=behind+the+back+deadlift&results=2
Jefferson Deadlift,https://gymvisual.com/animated-gifs/14258-barbell-jefferson-deadlift.html?search_query=jefferson+deadlift&results=2
Snatch Grip Deadlift,https://gymvisual.com/animated-gifs/17605-barbell-snatch-grip-deadlift-male.html?search_query=snatch+grip+deadlift&results=3
Stiff-Legged Deadlift,https://gymvisual.com/animated-gifs/3409-barbell-stiff-legged-deadlift.html#/47-style_type-basic_grey
Sumo Deadlift,https://gymvisual.com/animated-gifs/1615-barbell-sumo-deadlift.html#/47-style_type-basic_grey
Trap Bar Deadlift,https://gymvisual.com/animated-gifs/2293-trap-bar-deadlift.html?search_query=trap+bar+deadlift&results=12
Zercher Deadlift,https://gymvisual.com/animated-gifs/14159-barbell-zercher-deadlift.html?search_query=zercher+deadlift&results=2
Romanian Deadlift,https://gymvisual.com/animated-gifs/1579-barbell-romanian-deadlift.html#/47-style_type-basic_grey
Single-Leg Romanian Deadlift,
Dumbbell Romanian Deadlift,https://gymvisual.com/animated-gifs/3206-dumbbell-romanian-deadlift.html#/47-style_type-basic_grey
Rack Pull,https://gymvisual.com/animated-gifs/1568-barbell-rack-pull.html?search_query=rack+pull&results=7
Hyperextension,https://gymvisual.com/animated-gifs/1988-hyperextension.html#/47-style_type-basic_grey
Bodyweight Reverse Hyperextension,
Machine Back Extension,https://gymvisual.com/animated-gifs/2070-lever-back-extension.html#/47-style_type-basic_grey
Neck Extension,https://gymvisual.com/animated-gifs/23035-seated-neck-flexion-to-extension-on-chair-male.html#/47-style_type-basic_grey
Reverse Hyperextension,https://gymvisual.com/animated-gifs/2090-lever-reverse-hyperextension-plate-loaded.html#/47-style_type-basic_grey
Weighted Hyperextension,https://gymvisual.com/animated-gifs/13030-weighted-hyperextension.html#/47-style_type-basic_grey
Cable Glute Kickbacks,https://gymvisual.com/animated-gifs/11282-cable-kickback-male.html#/47-style_type-basic_grey
Machine Glute Kickback,
Dead Hang,https://gymvisual.com/animated-gifs/11528-dead-hang-stretch.html#/47-style_type-basic_grey
Flexed-Arm Hang,
Single-Arm Dead Hang,https://gymvisual.com/animated-gifs/22858-alternating-dead-hang-male.html#/47-style_type-basic_grey
Weighted Dead Hang,
Weighted Flexed-Arm Hang,
Bird Dog,https://gymvisual.com/animated-gifs/2686-bird-dog-male.html#/47-style_type-basic_grey
Dead Bug,https://gymvisual.com/animated-gifs/1769-dead-bug.html#/47-style_type-basic_grey
Side Lying Hip Abduction,https://gymvisual.com/animated-gifs/2198-side-hip-abduction.html#/47-style_type-basic_grey
Side Lying Hip Adduction,https://gymvisual.com/animated-gifs/7986-side-lying-hip-adduction-male.html#/47-style_type-basic_grey
Hip Airplane,
Hip Extension,
Machine Hip Abduction,https://gymvisual.com/animated-gifs/2094-lever-seated-hip-abduction.html#/47-style_type-basic_grey
Machine Hip Adduction,https://gymvisual.com/animated-gifs/2095-lever-seated-hip-adduction.html#/47-style_type-basic_grey
Lying Leg Curl,https://gymvisual.com/animated-gifs/2083-lever-lying-leg-curl.html#/47-style_type-basic_grey
Seated Leg Curl,https://gymvisual.com/animated-gifs/2096-lever-seated-leg-curl.html#/47-style_type-basic_grey
Slider Leg Curl,https://gymvisual.com/animated-gifs/8929-sliding-leg-curl-on-floor-with-towel.html#/47-style_type-basic_grey
Standing Leg Curl,https://gymvisual.com/animated-gifs/12132-lever-standing-leg-curl.html#/47-style_type-basic_grey
Stability-Ball Leg Curl,https://gymvisual.com/animated-gifs/13031-exercise-ball-leg-curl.html#/47-style_type-basic_grey
Cable Leg Extension,https://gymvisual.com/animated-gifs/14153-cable-seated-leg-extension.html?search_query=cable+leg+extension&results=4
Leg Extension,https://gymvisual.com/animated-gifs/2082-lever-leg-extension.html#/47-style_type-basic_grey
Compact Leg Press,https://gymvisual.com/animated-gifs/17730-lever-linear-hack-squat-male.html#/47-style_type-basic_grey
Horizontal Leg Press,https://gymvisual.com/animated-gifs/6764-lever-horizontal-leg-press.html#/47-style_type-basic_grey
Leg Press,https://gymvisual.com/animated-gifs/2222-sled-45-leg-press.html#/47-style_type-basic_grey
Single-Leg Press,https://gymvisual.com/animated-gifs/6003-sled-45-degrees-one-leg-press-female.html#/47-style_type-basic_grey
Vertical Leg Press,https://gymvisual.com/animated-gifs/12118-sled-vertical-leg-press.html#/47-style_type-basic_grey
Flutter Kicks,https://gymvisual.com/animated-gifs/2689-flutter-kicks-version-3.html#/47-style_type-basic_grey
Hanging Knee Raise,https://gymvisual.com/animated-gifs/3798-hanging-leg-hip-raise.html#/47-style_type-basic_grey
Hanging Leg Raise,https://gymvisual.com/animated-gifs/1971-hanging-leg-raise.html?search_query=hanging+leg+raise&results=38
L-Sit,https://gymvisual.com/animated-gifs/4448-l-sit.html#/47-style_type-basic_grey
Lying Leg Raise,https://gymvisual.com/animated-gifs/2618-lying-leg-raise.html#/47-style_type-basic_grey
Scissor Kicks,https://gymvisual.com/animated-gifs/2117-lying-scissor-kick.html?search_query=scissor+kick&results=3
Side Lying Leg Raise,https://gymvisual.com/animated-gifs/10118-side-lying-leg-raise.html#/47-style_type-basic_grey
Toes to Bar,https://gymvisual.com/animated-gifs/10012-hanging-toes-to-bar.html?search_query=toes+to+bar&results=4
Barbell Lunge,https://gymvisual.com/animated-gifs/1548-barbell-lunge.html#/47-style_type-basic_grey
Barbell Reverse Lunge,https://gymvisual.com/animated-gifs/1572-barbell-rear-lunge.html#/47-style_type-basic_grey
Barbell Walking Lunge,https://gymvisual.com/animated-gifs/16661-barbell-walking-lunge.html#/47-style_type-basic_grey
Barbell Curtsy Lunge,https://gymvisual.com/animated-gifs/19080-barbell-curtsey-lunge-female.html#/47-style_type-basic_grey
Dumbbell Lunge,https://gymvisual.com/animated-gifs/1837-dumbbell-lunge.html#/47-style_type-basic_grey
Lunge,https://gymvisual.com/animated-gifs/7606-forward-lunge-male.html#/47-style_type-basic_grey
Reverse Lunge,https://gymvisual.com/animated-gifs/3445-bodyweight-rear-lunge.html#/47-style_type-basic_grey
Lateral Lunge,https://gymvisual.com/animated-gifs/6497-side-lunge.html#/47-style_type-basic_grey
Close-Grip Lat Pulldown,https://gymvisual.com/animated-gifs/2516-cable-close-grip-front-lat-pulldown.html#/47-style_type-basic_grey
Lat Pulldown,https://gymvisual.com/animated-gifs/1643-cable-bar-lateral-pulldown.html#/47-style_type-basic_grey
Single-Arm Lat Pulldown,https://gymvisual.com/animated-gifs/2654-cable-one-arm-lat-pulldown.html#/47-style_type-basic_grey
Reverse-Grip Lat Pulldown,https://gymvisual.com/animated-gifs/11285-cable-reverse-grip-pulldown.html?search_query=reverse+grip++pulldown&results=16
Straight Arm Lat Pulldown,https://gymvisual.com/animated-gifs/1731-cable-straight-arm-pulldown.html#/47-style_type-basic_grey
Barbell Pullover,https://gymvisual.com/animated-gifs/1567-barbell-pullover.html?search_query=barbell+pullover&results=37
Bent-Arm Barbell Pullover,https://gymvisual.com/animated-gifs/18245-barbell-bent-arm-pullover-male.html?search_query=barbell+pullover&results=37
Dumbbell Pullover,https://gymvisual.com/animated-gifs/15959-dumbbell-pullover-version-2.html?search_query=dumbbell+pullover&results=57
Machine Pullover,https://gymvisual.com/animated-gifs/4788-lever-pullover-plate-loaded.html?search_query=machine+pullover&results=4
Archer Push-Up,https://gymvisual.com/animated-gifs/7188-archer-push-up.html#/47-style_type-basic_grey
Close-Grip Push-Up,https://gymvisual.com/animated-gifs/1752-close-grip-push-up.html?search_query=close+grip+push+up&results=27
Decline Push-Up,https://gymvisual.com/animated-gifs/1772-decline-push-up-m.html#/47-style_type-basic_grey
Diamond Push-Up,https://gymvisual.com/animated-gifs/1776-diamond-push-up.html#/47-style_type-basic_grey
Handstand Push-Up,https://gymvisual.com/animated-gifs/1970-handstand-push-up.html#/47-style_type-basic_grey
Incline Push-Up,https://gymvisual.com/animated-gifs/1992-incline-push-up.html?search_query=incline+push+up&results=44
Kneeling Close-Grip Push-Up,https://gymvisual.com/animated-gifs/5358-close-grip-push-up-on-knees.html#/47-style_type-basic_grey
Kneeling Push-Up,https://gymvisual.com/animated-gifs/6905-kneeling-push-up-male.html#/47-style_type-basic_grey
Pike Push-Up,https://gymvisual.com/animated-gifs/6735-pike-push-up.html#/47-style_type-basic_grey
Push-Up,https://gymvisual.com/animated-gifs/2155-push-up-m.html#/47-style_type-basic_grey
Tate Push-Up,
Wide-Grip Push-Up,https://gymvisual.com/animated-gifs/3084-wide-hand-push-up.html?search_query=wide+push+up&results=18
Barbell Rear Delt Row,https://gymvisual.com/animated-gifs/1570-barbell-rear-delt-row.html?search_query=barbell+rear+delt+row&results=7
Barbell Bent-Over Row,https://gymvisual.com/animated-gifs/1521-barbell-bent-over-row.html#/47-style_type-basic_grey
Barbell Upright Row,https://gymvisual.com/animated-gifs/1619-barbell-upright-row.html?search_query=barbell+upright+row&results=25
Bench Pull,https://gymvisual.com/animated-gifs/9913-barbell-lying-row-on-rack.html#/47-style_type-basic_grey
Cable Upright Row,https://gymvisual.com/animated-gifs/1739-cable-upright-row.html?search_query=cable+upright+row&results=11
Chest-Supported Dumbbell Row,https://gymvisual.com/animated-gifs/21301-dumbbell-row-with-chest-supported.html#/47-style_type-basic_grey
Chest-Supported T-Bar Row,https://gymvisual.com/animated-gifs/10129-lever-lying-banded-t-bar-row.html#/47-style_type-basic_grey
Dumbbell Bench Pull,https://gymvisual.com/animated-gifs/14249-dumbbell-lying-row-on-rack.html#/47-style_type-basic_grey
Dumbbell Rear Delt Row,https://gymvisual.com/animated-gifs/10265-dumbbell-seated-bent-over-rear-delt-row.html?search_query=dumbbell+rear+delt+row&results=14
Dumbbell Bent-Over Row,https://gymvisual.com/animated-gifs/1785-dumbbell-bent-over-row.html#/47-style_type-basic_grey
Dumbbell Upright Row,https://gymvisual.com/animated-gifs/1938-dumbbell-upright-row.html?search_query=dumbbell+upright+row&results=15
Endurance Row,https://gymvisual.com/animated-gifs/2616-rowing-with-rowing-machine.html#/47-style_type-basic_grey
Inverted Row,https://gymvisual.com/animated-gifs/1998-inverted-row.html#/47-style_type-basic_grey
Landmine Row,https://gymvisual.com/animated-gifs/7155-lever-bent-over-row-with-v-bar-plate-loaded.html#/47-style_type-basic_grey
Meadows Row,
Pendlay Row,https://gymvisual.com/animated-gifs/6574-barbell-pendlay-row.html#/47-style_type-basic_grey
Plate-Loaded High Row,https://gymvisual.com/animated-gifs/2078-lever-high-row-plate-loaded.html#/47-style_type-basic_grey
Plate-Loaded Low Row,https://gymvisual.com/animated-gifs/10244-lever-low-row-plate-loaded.html#/47-style_type-basic_grey
Renegade Row,https://gymvisual.com/animated-gifs/6505-dumbbell-renegade-row.html#/47-style_type-basic_grey
Seal Row,https://gymvisual.com/animated-gifs/21577-barbell-lying-seal-row-on-rack.html#/47-style_type-basic_grey
Seated Cable Row,https://gymvisual.com/animated-gifs/2342-cable-seated-row.html#/47-style_type-basic_grey
Seated Single-Arm Cable Row,https://gymvisual.com/animated-gifs/22117-cable-seated-single-arm-lats-focused-row.html#/47-style_type-basic_grey
Seated Machine Row,https://gymvisual.com/animated-gifs/3120-lever-seated-row.html#/47-style_type-basic_grey
T-Bar Row,https://gymvisual.com/animated-gifs/2103-lever-t-bar-row-plate-loaded.html#/47-style_type-basic_grey
Towel Row,
Yates Row,
Medicine Ball Russian Twist,https://gymvisual.com/animated-gifs/2691-russian-twist-with-medicine-ball.html#/47-style_type-basic_grey
Russian Twist,https://gymvisual.com/animated-gifs/2179-russian-twist.html#/47-style_type-basic_grey
Dumbbell Side Bend,https://gymvisual.com/animated-gifs/1908-dumbbell-side-bend.html#/47-style_type-basic_grey
Roman Chair Side Bend,https://gymvisual.com/animated-gifs/14251-45-degrees-side-bend-male.html#/47-style_type-basic_grey
Back Squat,https://gymvisual.com/animated-gifs/2909-barbell-high-bar-squat.html#/47-style_type-basic_grey
Barbell Bulgarian Split Squat,
Barbell Hack Squat,https://gymvisual.com/animated-gifs/1540-barbell-hack-squat.html#/47-style_type-basic_grey
Barbell Split Squat,https://gymvisual.com/animated-gifs/8245-barbell-split-squat.html#/47-style_type-basic_grey
Belt Squat,https://gymvisual.com/animated-gifs/6763-lever-belt-squat.html#/47-style_type-basic_grey
Bodyweight Squat,https://gymvisual.com/animated-gifs/2648-squat-m.html#/47-style_type-basic_grey
Box Squat,https://gymvisual.com/animated-gifs/11278-barbell-box-squat.html#/47-style_type-basic_grey
Dumbbell Cossack Squat,https://gymvisual.com/animated-gifs/12286-dumbbell-cossack-squats-male.html#/47-style_type-basic_grey
Cyclist Squat,
Dumbbell Bulgarian Split Squat,https://gymvisual.com/animated-gifs/4904-dumbbell-bulgarian-split-squat-female.html#/47-style_type-basic_grey
Dumbbell Front Squat,https://gymvisual.com/animated-gifs/6491-dumbbell-front-squat.html#/47-style_type-basic_grey
Dumbbell Split Squat,https://gymvisual.com/animated-gifs/8219-dumbbell-split-squat.html#/47-style_type-basic_grey
Dumbbell Squat,https://gymvisual.com/animated-gifs/3420-dumbbell-squat.html#/47-style_type-basic_grey
Front Squat,https://gymvisual.com/animated-gifs/1523-barbell-clean-grip-front-squat.html#/47-style_type-basic_grey
Goblet Bulgarian Split Squat,https://gymvisual.com/animated-gifs/18042-dumbbell-goblet-bulgarian-split-squat.html#/47-style_type-basic_grey
Goblet Squat,https://gymvisual.com/animated-gifs/3795-dumbbell-goblet-squat.html#/47-style_type-basic_grey
Half Squat,
Jefferson Squat,https://gymvisual.com/animated-gifs/1545-barbell-jefferson-squat.html#/47-style_type-basic_grey
Landmine Front Squat,https://gymvisual.com/animated-gifs/10270-landmine-front-squat.html#/47-style_type-basic_grey
Machine Hack Squat,https://gymvisual.com/animated-gifs/2226-sled-hack-squat.html#/47-style_type-basic_grey
Overhead Squat,https://gymvisual.com/animated-gifs/1563-barbell-overhead-squat.html?search_query=overhead+squat&results=52
Pendulum Squat,https://gymvisual.com/animated-gifs/12391-lever-pendulum-squat-plate-loaded.html#/47-style_type-basic_grey
Pin Squat,https://gymvisual.com/animated-gifs/14253-barbell-pin-squat.html#/47-style_type-basic_grey
Pistol Squat,https://gymvisual.com/animated-gifs/3794-single-leg-squat-pistolmale.html#/47-style_type-basic_grey
Safety Bar Squat,https://gymvisual.com/animated-gifs/10248-safety-bar-front-squat.html#/47-style_type-basic_grey
Single-Leg Squat,https://gymvisual.com/animated-gifs/18052-bodyweight-single-leg-squat-male.html#/47-style_type-basic_grey
Sissy Hack Squat,
Sissy Squat,https://gymvisual.com/animated-gifs/10904-bodyweight-standing-sissy-squat.html#/47-style_type-basic_grey
Smith Machine Squat,https://gymvisual.com/animated-gifs/7175-smith-full-squat.html#/47-style_type-basic_grey
Spanish Squat,
Split-Squat Jump,
Squat Thrust,https://gymvisual.com/animated-gifs/8895-squat-thrust.html?search_query=squat+thrust&results=4
Barbell Sumo Squat,https://gymvisual.com/animated-gifs/2523-barbell-sumo-squat.html#/47-style_type-basic_grey
Trap Bar Jump Squat,
V-Squat,https://gymvisual.com/animated-gifs/4579-lever-squat-plate-loaded.html#/47-style_type-basic_grey
Zercher Squat,https://gymvisual.com/animated-gifs/5170-barbell-full-zercher-squat.html#/47-style_type-basic_grey
Dumbbell Thruster,https://gymvisual.com/animated-gifs/6493-dumbbell-thruster.html#/47-style_type-basic_grey
Barbell Thruster,https://gymvisual.com/animated-gifs/7199-barbell-thruster.html#/47-style_type-basic_grey
Bent-Over Dumbbell Tricep Extension,https://gymvisual.com/animated-gifs/3753-dumbbell-standing-bent-over-two-arm-triceps-extension.html#/47-style_type-basic_grey
Cable Tricep Kickback,https://gymvisual.com/animated-gifs/3740-cable-two-arm-tricep-kickback.html#/47-style_type-basic_grey
Dumbbell Tricep Kickback,https://gymvisual.com/animated-gifs/1834-dumbbell-kickback.html#/47-style_type-basic_grey
Lying Barbell Tricep Extension,https://gymvisual.com/animated-gifs/1555-barbell-lying-triceps-extension.html?search_query=lying+ez+bar+tricep+extension&results=25
Lying Dumbbell Tricep Extension,https://gymvisual.com/animated-gifs/1852-dumbbell-lying-triceps-extension.html#/47-style_type-basic_grey
Lying EZ-Bar Tricep Extension,https://gymvisual.com/animated-gifs/21936-ez-barbell-lying-triceps-extension-male.html?search_query=lying+ez+bar+tricep+extension&results=25
Machine Tricep Extension,https://gymvisual.com/animated-gifs/16671-lever-triceps-extension-version-2.html?search_query=machine+tricep+extension&results=24
Overhead Straight Bar Triceps Extension,https://gymvisual.com/animated-gifs/10167-cable-overhead-tricep-extension-straight-bar-male.html#/47-style_type-basic_grey
Overhead Rope Tricep Extension,https://gymvisual.com/animated-gifs/3734-cable-high-pulley-overhead-tricep-extension.html?search_query=overhead+cable+tricep+extension&results=34
Reverse-Grip Tricep Pushdown,https://gymvisual.com/animated-gifs/3470-cable-reverse-grip-triceps-pushdown-sz-bar.html#/47-style_type-basic_grey
Seated Dumbbell Tricep Extension,https://gymvisual.com/animated-gifs/4223-dumbbell-seated-triceps-extension.html#/47-style_type-basic_grey
Single-Arm Cable Tricep Extension,https://gymvisual.com/animated-gifs/1724-cable-standing-one-arm-triceps-extension.html#/47-style_type-basic_grey
Standing Barbell Tricep Extension,https://gymvisual.com/animated-gifs/1607-barbell-standing-overhead-triceps-extension.html?search_query=standing+barbell+tricep+extension&results=6
Standing Dumbbell Tricep Extension,https://gymvisual.com/animated-gifs/1931-dumbbell-standing-triceps-extension.html?search_query=standing+dumbbell+tricep+extension&results=12
Tate Press,https://gymvisual.com/animated-gifs/1937-dumbbell-tate-press.html?search_query=tate+press&results=6
Tricep Pushdown With Bar,https://gymvisual.com/animated-gifs/1694-cable-pushdown.html#/47-style_type-basic_grey
Tricep Pushdown With Rope,https://gymvisual.com/animated-gifs/1693-cable-pushdown-with-rope-attachment.html#/47-style_type-basic_grey
Wall Sit,https://gymvisual.com/animated-gifs/18049-wall-sit-narrow-stance-male.html#/47-style_type-basic_grey
Weighted Wall Sit,https://gymvisual.com/animated-gifs/18051-dumbbell-goblet-wall-sit-male.html#/47-style_type-basic_grey
Burpees,https://gymvisual.com/animated-gifs/4343-burpee.html#/47-style_type-basic_grey
Cable Pull Through,https://gymvisual.com/animated-gifs/1689-cable-pull-through-with-rope.html#/47-style_type-basic_grey
Cable Anti-Rotation Chop,https://gymvisual.com/animated-gifs/18252-cable-kneeling-high-low-anti-rotation-chop-male.html?search_query=cable+anti+rotation&results=3
Dragon Flag,
Frog Pump,https://gymvisual.com/animated-gifs/7068-bodyweight-frog-pump.html#/47-style_type-basic_grey
Good Morning,https://gymvisual.com/animated-gifs/1538-barbell-good-morning.html#/47-style_type-basic_grey
Kettlebell Halo,https://gymvisual.com/animated-gifs/23350-kettlebell-half-kneeling-halo-male.html?search_query=kettlebell+halo&results=3
Kettlebell Swing,https://gymvisual.com/animated-gifs/2047-kettlebell-swing.html#/47-style_type-basic_grey
Landmine Anti-Rotation,
Medicine Ball Slam,https://gymvisual.com/animated-gifs/3125-medicine-ball-overhead-slam.html#/47-style_type-basic_grey
Mountain Climbers,https://gymvisual.com/animated-gifs/2125-mountain-climber.html#/47-style_type-basic_grey
Pallof Press,
Plate Flip,
Plate Pinch,https://gymvisual.com/animated-gifs/2513-plate-pinch.html#/47-style_type-basic_grey
Rice-Bucket Wrist Twist,
Rotary Torso Twist,https://gymvisual.com/animated-gifs/2926-lever-seated-twist.html?search_query=lever+seated+twist&results=6
Stability Ball Pike Push-Up,https://gymvisual.com/animated-gifs/3068-exercise-ball-pike-pushup.html?search_query=stability+ball+pike&results=3
Step Up,https://gymvisual.com/animated-gifs/12302-bodyweight-step-up-on-stepbox.html?search_query=step+up&results=503
Superman,https://gymvisual.com/animated-gifs/8422-superman-male.html#/47-style_type-basic_grey
Sitting Tibialis Raise,https://gymvisual.com/animated-gifs/20497-sitting-floor-tibialis-raise-male.html?search_query=tibialis+raise&results=8
Wrist Roller,https://gymvisual.com/animated-gifs/2340-wrist-roller.html?search_query=wrist+roller&results=6
