exercise_name,gymvisual_name,gif_filename
Bench Press,Barbell Bench Press,Barbell-Bench-Press_Chest-FIX2__converted.gif
Bench Pin Press,Barbell Pin Chest Press,Barbell-Pin-Chest-Press_Chest__converted.gif
Bench Pin Press Hold,Barbell Pin Bench Press Conventional grip (male),Barbell-Pin-Bench-Press-Conventional-grip-(male)_C_converted.gif
Wide-Grip Bench Press,Barbell Wide Bench Press,Barbell-Wide-Bench-Press_Chest_converted.gif
Close-Grip Bench Press,Barbell Close Grip Bench Press,Barbell-Close-Grip-Bench-Press_Upper-Arms-FIX__converted.gif
Close-Grip Incline Bench Press,Barbell Incline Close Grip Bench Press,Barbell-Incline-Close-Grip-Bench-Press_Upper-Arms__converted.gif
Decline Bench Press,Barbell Decline Bench Press,Barbell-Decline-Bench-Press_Chest-FIX__converted.gif
Decline Dumbbell Bench Press,Dumbbell Decline Bench Press,Dumbbell-Decline-Bench-Press_Chest-FIX__converted.gif
Dumbbell Bench Press,Dumbbell Bench Press,Dumbbell-Bench-Press_Chest-FIX__converted.gif
Dumbbell Squeeze Press,Dumbbell Squeeze Bench Press,Dumbbell-Squeeze-Bench-Press_Chest-FIX__converted.gif
Incline Bench Press,Barbell Incline Bench Press,Barbell-Incline-Bench-Press_Chest-FIX2__converted.gif
Incline Dumbbell Bench Press,Dumbbell Incline Bench Press,Dumbbell-Incline-Bench-Press_Chest-FIX2__converted.gif
JM Press,Barbell JM Bench Press,Barbell-JM-Bench-Press_Upper-Arms-FIX__converted.gif
Reverse-Grip Bench Press,Barbell Reverse Grip Bench Press,Barbell-Reverse-Grip-Bench-Press_Chest__converted.gif
Reverse-Grip Dumbbell Bench Press,Dumbbell Reverse Bench Press,Dumbbell-Reverse-Bench-Press_Chest__converted.gif
Single-Arm Dumbbell Bench Press,Dumbbell Alternate Bench Press (high start),Dumbbell-Alternate-Bench-Press-(high-start)_Chest__converted.gif
Smith Machine Bench Press,Smith Bench Press,Smith-Bench-Press_Chest-FIX__converted.gif
Smith Machine Incline Bench Press,Smith Incline Bench Press,Smith-Incline-Bench-Press_Chest-FIX__converted.gif
Smith Machine Decline Bench Press,Smith Decline Bench Press,Smith-Decline-Bench-Press_Chest-FIX__converted.gif
Guillotine Press,Barbell Guillotine Bench Press,Barbell-Guillotine-Bench-Press_Chest_converted.gif
Machine Incline Chest Press,Lever Incline Hammer Chest Press,Lever-Incline-Hammer-Chest-Press_Chest_converted.gif
Machine Chest Press,Lever Chest Press,Lever-Chest-Press_Chest_converted.gif
Plate-Loaded Chest Press,Lever Chest Press (plate loaded),Lever-Chest-Press_Chest_converted.gif
Plate-Loaded Decline Chest Press,Lever Decline Chest Press,Lever-Decline-Chest-Press_Chest-FIX__converted.gif
Standing Cable Chest Press,Cable Standing Chest Press,Cable-Standing-Chest-Press_Chest__converted.gif
Dumbbell Floor Press,Dumbbell Lying on Floor Chest Press,Dumbbell-Lying-on-Floor-Chest-Press_Chest_converted.gif
Floor Press,Barbell Floor Chest Press,Barbell-Floor-Chest-Press_Chest__converted.gif
Clean,Barbell Full Clean,Barbell-Full-Clean_Weightlifting__converted.gif
Clean and Jerk,Barbell Clean and Jerk,Barbell-Clean-and-Jerk_Weightlifting__converted.gif
Clean and Press,Barbell Clean and Press,Barbell-Clean-and-Press_Shoulders-FIX__converted.gif
Clean High Pull,Barbell Clean High Pull,Barbell-Clean-High-Pull_Weightlifts__converted.gif
Clean Pull,Barbell Clean Pull,Barbell-Clean-Pull_Weightlifts__converted.gif
Dumbbell Clean and Press,Dumbbell Clean and Press,Dumbbell-Clean-and-Press_Weightlifting-FIX__converted.gif
Hang Clean,Barbell Hang Clean,Barbell-Hang-Clean_Weightlifts-FIX__converted.gif
Power Clean,Power Clean,Power-Clean_Thighs_converted.gif
Dumbbell Snatch,Dumbbell One Arm Snatch,Dumbbell-One-Arm-Snatch_Weightlifting__converted.gif
Hang Power Snatch,Barbell Power Snatch,Barbell-Power-Snatch_Weightlifts__converted.gif
Hang Snatch,Barbell Hang Snatch,Barbell-Hang-Snatch_Weightlifts-FIX_ copy_converted.gif
Power Snatch,Barbell Power Snatch,Barbell-Power-Snatch_Weightlifts__converted.gif
Snatch,Barbell Snatch,Barbell-Snatch_Weightlifts__converted.gif
Snatch Pull,Snatch Pull,Snatch-Pull_Weightlifting__converted.gif
Power Jerk,Barbell Power Jerk,Barbell-Power-Jerk_Weightlifts__converted.gif
Split Jerk,Barbell Split Jerk,Barbell-Split-Jerk_Weightlifts__converted.gif
Band Pull-Apart,Resistance Band Pull Apart,Resistance-Band-Pull-Apart_Shoulders__converted.gif
Cable Chest Fly,Cable Middle Fly,Cable-Middle-Fly_Chest-FIX__converted.gif
High to Low Cable Chest Fly,Cable Standing Fly,Cable-Standing-Fly_Chest_converted.gif
Low to High Cable Chest Fly,Cable Low Fly,Cable-Low-Fly_Chest-FIX2__converted.gif
Cable Reverse Fly,Cable 45 degrees Reverse Fly (male),Cable-45-degrees-Reverse-Fly-(male)_Shoulders__converted.gif
Dumbbell Chest Fly,Dumbbell Fly,Dumbbell-Fly_Chest-FIX2__converted.gif
Incline Dumbbell Chest Fly,Dumbbell Incline Fly,Dumbbell-Incline-Fly_Chest-FIX2__converted.gif
Decline Dumbbell Chest Fly,Dumbbell Decline Fly,Dumbbell-Decline-Fly_Chest-FIX__converted.gif
Reverse Dumbbell Fly,Dumbbell Reverse Fly,Dumbbell-Reverse-Fly_Shoulders-FIX__converted.gif
Machine Chest Fly,Lever Seated Fly,Lever-Seated-Fly_Chest-FIX__converted.gif
Machine Reverse Fly,Lever Seated Reverse Fly,Lever-Seated-Reverse-Fly_Shoulders-FIX__converted.gif
Pec Deck Fly,Lever Pec Deck Fly,Lever-Pec-Deck-Fly_Chest__converted.gif
Banded Chest Fly,Band Chest Fly (male),Band-Chest-Fly-(male)_Chest-FIX__converted.gif
Hip Thrust,Hip Thrusts,Hip-Thrusts_Hips__converted.gif
Single-Leg Hip Thrust,Single Leg Hip Thrusts,Single-Leg _Hip-Thrusts_Hips__converted.gif
Barbell Hip Thrust,Barbell Hip Thrust,Barbell-Hip-Thrust_Hips-FIX__converted.gif
Banded Hip Thrust,Resistance Band Hip Thrusts,Resistance-Band-Hip-Thrusts_Hips__converted.gif
Single-Leg Glute Bridge,Single Straight Leg Glute Bridge Hold (left) (female),Single-Straight-Leg-Glute-Bridge-Hold-(male)_Hips__converted.gif
Barbell Glute Bridge,Barbell Glute Bridge (hands on bar),Barbell-Glute-Bridge-(hands-on-bar)_Hips__converted.gif
Glute-Ham Raise,Glute Ham Raise (VERSION 2),Glute-Ham-Raise-(VERSION-2)_Thighs__converted.gif
Pull-Up,Pull up,Pull-up-(negative)-(male)_Back__converted.gif
Weighted Pull-Up,Weighted Pull Up,Weighted-Pull-Up_Back__converted.gif
Weighted Neutral-Grip Pull-Up,Weighted Hammer Grip Pull up on Dip Cage,Weighted-Hammer-Grip-Pull-up-on-Dip-Cage_Back__converted.gif
Chin-Up,Chin Up,Chin-Up_Back-FIX__converted.gif
Weighted Chin-Up,Weighted Chin-Up (male),Weighted-Chin-Up-(male)_Back__converted.gif
Muscle-Up,Muscle up (on vertical bar),Muscle-Up_Back__converted.gif
Bench Dips,Bench Dip on floor (VERSION 2),Bench-Dip-on-Floor_Upper-Arms-FIX__converted.gif
Bench Dips (Feet Elevated),Triceps Dip (bench leg),Triceps-Dip_Upper-Arms-FIX__converted.gif
Chest Dip,Chest Dip,Chest-Dip_Chest_converted.gif
Dips,Triceps Dip,Triceps-Dip_Upper-Arms-FIX__converted.gif
Weighted Dip,Weighted Tricep Dips,Weighted-Tricep-Dips_Upper-Arms__converted.gif
Machine Seated Dip,Lever Seated Dip,Lever-Seated-Dip_Upper-Arms_converted.gif
Decline Sit-Up,Decline Sit up,Decline-Sit-up_Hips__converted.gif
Jackknife Sit-Up,Jackknife Sit Up,Band-Jackknife-Sit-Up_Waist__converted.gif
Bicycle Crunch,Bicycle Crunch (male),Bicycle-Crunch-(male)_Waist__converted.gif
Kneeling Cable Crunch,Cable Kneeling Crunch (VERSION 2),Cable-Kneeling-Crunch_Waist-FIX2__converted.gif
Standing Cable Crunch,Cable Standing Crunch (with rope attachment),Cable-Standing-Crunch-(with-rope-attachment)_Waist_converted.gif
Seated Cable Crunch,Cable Seated Crunch,Cable-Seated-Crunch_Waist-FIX__converted.gif
Crunch,Crunch Floor m,Crunch-Floor-(male)_waist_converted.gif
Decline Crunch,Decline Crunch,Decline-Crunch_Waist_converted.gif
Machine Seated Crunch,Lever Seated Crunch,Lever-Seated-Crunch_Waist_converted.gif
Reverse Crunch,Reverse Crunch (VERSION 3),Reverse-Crunch-(VERSION-2)_Waist_converted.gif
Handstand Hold,Handstand Hold on Wall (male),Handstand-Hold-on-Wall-(male)_Shoulders__converted.gif
Hollow Body Hold,Hollow Hold,Hollow-Hold_Waist__converted.gif
Kneeling Plank,Kneeling plank (male),Kneeling-plank-(male)_Waist_converted.gif
Plank,Front Plank,Front-Plank---Butt-(WRONG-RIGHT)__converted.gif
Reverse Plank Hold,Reverse plank,Reverse-plank_Back_converted.gif
Side Plank,Side Plank Rotation,Side-Plank-Rotation_Waist__converted.gif
Arnold Press,Dumbbell Arnold Press,Dumbbell-Arnold-Press_Shoulders_converted.gif
Behind the Neck Press,Standing Behind Neck Press,Standing-Behind-Neck-Press_Shoulders_converted.gif
Cuban Press,Dumbbell Cuban Press,Dumbbell-Cuban-Press-(version-2)_Shoulders_converted.gif
Dumbbell Push Press,Dumbbell Push Press,Dumbbell-Push-Press_Shoulders__converted.gif
Dumbbell Shoulder Press,Dumbbell Standing Overhead Press,Dumbbell-Standing-Overhead-Press_shoulder_converted.gif
Dumbbell Z Press,Dumbbell Z Press,Dumbbell-Z-Press_Shoulders__converted.gif
Kettlebell Bottoms-Up Press,Kettlebell Standing Bottoms Up One Arm Shoulder Press,Kettlebell-Standing-Bottoms-Up-One-Arm-Shoulder-Pr_converted.gif
Machine Shoulder Press,Lever Seated Shoulder Press,Lever-Seated-Shoulder-Press_Shoulders-FIX__converted.gif
Military Press,Barbell Standing Military Press (without rack),Barbell-Standing-Military-Press-(without-rack)_Shoulders_converted.gif
Plate-Loaded Shoulder Press,Lever Shoulder Press (plate loaded) (VERSION 2),Lever-Shoulder-Press-(plate-loaded)-(VERSION-2)_Shoulders__converted.gif
Push Press,Push Press,Push-Press_Shoulders_converted.gif
Seated Dumbbell Shoulder Press,Dumbbell Seated Shoulder Press,Dumbbell-Seated-Shoulder-Press_Shoulders-FIX2__converted.gif
Overhead Press,Barbell Standing Shoulders Press,Barbell-Standing-Shoulders-Press_Shoulders__converted.gif
Smith Machine Shoulder Press,Smith Seated Shoulder Press,Smith-Seated-Shoulder-Press_Shoulders_converted.gif
Seated Overhead Press,Barbell Seated Overhead Press,Barbell-Seated-Overhead-Press_Shoulders_converted.gif
Single-Arm Landmine Press,Landmine Kneeling One Arm Shoulder Press,Landmine-Kneeling-One-Arm-Shoulder-Press_Shoulders copy_converted.gif
Z Press,Barbell Z Press,Barbell-Z-Press_Shoulders__converted.gif
Cable External Rotation,Cable Standing Shoulder External Rotation,Cable-Standing-Shoulder-External-Rotation_Back-FIX_converted.gif
Cable Internal Rotation,Cable Shoulder Internal Rotation,Cable-Shoulder-Internal-Rotation_Shoulders__converted.gif
Band Internal Rotation,Resistance Band Standing Shoulder Internal Rotation (male),Resistance-Band-Standing-Shoulder-Internal-Rotatio_converted.gif
Banded Lateral Raise,Band front lateral raise,Band-front-lateral-raise_Shoulders_converted.gif
Dumbbell Lateral Raise,Dumbbell Lateral Raise,Dumbbell-Lateral-Raise-Plank-(male)_Waist__converted.gif
Machine Lateral Raise,Lever Lateral Raise,Lever-Lateral-Raise-(plate-loaded)_Shoulders_converted.gif
Barbell Front Raise,Barbell Front Raise,Barbell-Front-Raise_Shoulders_converted.gif
Dumbbell Front Raise,Dumbbell Front Raise,Dumbbell-Front-Raise-(version-2)_Shoulders_converted.gif
Dumbbell Face Pull,Dumbbell Bent Over Face Pull,Dumbbell-Bent-Over-Face-Pull_Shoulders__converted.gif
Face Pull,Cable Standing Face Pull (with rope),Cable-Standing-Face-Pull-(with-rope)_Shoulders_converted.gif
Barbell Shrug,Barbell Shrug,Barbell-Shrug_Back_converted.gif
Behind the Back Barbell Shrug,Barbell Behind The Back Shrug,Barbell-Behind-The-Back-Shrug_Back__converted.gif
Cable Shrug,Cable Shrug,Cable-Shrug_Back-FIX__converted.gif
Dumbbell Shrug,Dumbbell Shrug,Dumbbell-Shrug_Back-FIX__converted.gif
Trap Bar Shrug,Trap Bar Standing Shrug (male),Trap-Bar-Standing-Shrug-(male)_Back__converted.gif
Machine Shrug,Lever Shrug (plate loaded),Lever-Shrug-(plate-loaded)_Back_converted.gif
Smith Machine Shrug,Smith Shrug,Smith-Shrug_Back_converted.gif
Ab Wheel Roll-Out,Wheel Rollout,Wheel-Rollout_Waist-FIX2__converted.gif
Stability Ball Roll-Out,Stability Ball Rollout on Knees (male),Stability-Ball-Rollout-on-Knees-(male)_Hips__converted.gif
Barbell Calf Raise,Barbell Standing Leg Calf Raise,Barbell-Standing-Leg-Calf-Raise_Calves_converted.gif
Bodyweight Calf Raise,Bodyweight Standing Calf Raise,Bodyweight-Standing-Calf-Raise_Calves_converted.gif
Donkey Calf Raise,Lever Donkey Calf Raise,Donkey-Calf-Raise_Calves_converted.gif
Dumbbell Calf Raise,Dumbbell Standing Calf Raise,Dumbbell-Standing-Calf-Raise_Calves-FIX__converted.gif
Leg Press Calf Raise,Sled Calf Press On Leg Press,Sled-Calf-Press-On-Leg-Press_Calves-FIX__converted.gif
Seated Calf Raise,Lever Seated Calf Raise (plate loaded),Lever-Seated-Calf-Raise-(plate-loaded)_converted.gif
Standing Calf Raise,Lever Standing Calf Raise,Lever-Standing-Calf-Raise_Calf-FIX__converted.gif
Hack Squat Machine Calf Raise,Hack Calf Raise,Hack-Calf-Raise_Calves__converted 2.gif
Barbell Seated Calf Raise,Barbell Seated Calf Raise,Barbell-Seated-Calf-Raise_Calves_converted.gif
Single-Leg Bodyweight Calf Raise,One Leg Floor Calf Raise,One-Leg-Floor-Calf-Raise_Calves_converted.gif
Standing Smith Machine Calf Raise,Smith Standing Leg Calf Raise,Smith-Standing-Leg-Calf-Raise_Calves__converted.gif
Seated Smith Machine Calf Raise,Smith Seated Calf Raise,Smith-Seated-Calf-Raise_Calves__converted.gif
Standing Banded Calf Raise,Band Two Legs Calf Raise - (Band under both legs) VERSION 2,Band-Two-Legs-Calf-Raise---(Band-under-both-legs)-VERSION-2_Calves_converted.gif
Cable Standing Calf Raise,Cable Standing Calf Raise,Standing-Calf-Raise-(On-a-staircase)_Calves__converted.gif
Indoor Cycling,Bicycle Recline Walk,Bicycle-Recline-Walk_Cardio_converted.gif
Treadmill Walk/Run,Walking on Treadmill,Walking-on-Treadmill_Cardio_converted.gif
21s Curl,EZ-bar 21s,EZ-bar-21s_Upper-Arms__converted.gif
Band Biceps Curl,Band Biceps Curl,Band-Biceps-Curl_Upper-Arms__converted.gif
Barbell Curl,Barbell Curl,Barbell-Curl_Upper-Arms_without-weight_converted.gif
Barbell Reverse Curl,Barbell Reverse Curl,Barbell-Reverse-Curl_Forearm_converted.gif
Barbell Wrist Curl,Barbell Wrist Curl (VERSION 2),Barbell-Wrist-Curl-(VERSION-2)_Forearms-FIX2__converted.gif
Cable Curl With Bar,Cable Close Grip Curl,Cable-Close-Grip-Curl_Upper-Arms__converted.gif
Cable Hammer Curl,Cable Hammer Curl (with rope) male,Cable-Hammer-Curl-(with-rope)-(male)_Forearms__converted.gif
Cheat Curl,Cheat Curl,Cheat-Curl_Upper-Arms__converted.gif
Concentration Curl,Dumbbell Concentration Curl,Dumbbell-Concentration-Curl_Upper-Arms-FIX__converted.gif
Drag Curl,Barbell Drag Curl,Barbell-Drag-Curl_Upper-Arms-FIX__converted.gif
Dumbbell Curl,Dumbbell Alternate Biceps Curl,Dumbbell-Alternate-Biceps-Curl_Upper-Arms-FIX__converted.gif
Dumbbell Reverse Curl,Dumbbell Standing Reverse Curl,Dumbbell-Standing-Reverse-Curl_Forearms__converted.gif
Dumbbell Reverse Wrist Curl,Dumbbell Over Bench Revers Wrist Curl,Dumbbell-Over-Bench-Revers-Wrist-Curl_Forearms__converted.gif
Dumbbell Wrist Curl,Dumbbell Over Bench Wrist Curl,Dumbbell-Over-Bench-Wrist-Curl_Forearms_converted.gif
EZ-Bar Curl,EZ Barbell Curl,EZ-Barbell-Curl_Upper-Arms-FIX__converted 2.gif
EZ-Bar Reverse Curl,EZ Barbell Reverse Grip Curl,EZ-Barbell-Reverse-Grip-Curl_Forearms_converted 2.gif
Hammer Curl,Dumbbell Hammer Curl,Dumbbell-Hammer-Curl-(version-2)_Upper-Arms-FIX__converted.gif
Lying Cable Curl,Cable Lying Bicep Curl,Cable-Lying-Bicep-Curl_Upper-Arms__converted.gif
Incline Cable Curl,Cable Incline Biceps Curl,Cable-Incline-Biceps-Curl_Upper-Arms__converted.gif
Incline Dumbbell Curl,Dumbbell Incline Biceps Curl,Dumbbell-Incline-Biceps-Curl_Upper-Arms_converted.gif
Incline Hammer Curl,Dumbbell Incline Hammer Curl,Dumbbell-Incline-Hammer-Curl_Upper-Arms_converted.gif
Machine Preacher Curl,Lever Preacher Curl,Lever-Preacher-Curl-(Turned-Torso)_Upper-Arms__converted.gif
Overhead Cable Curl,Cable Overhead Curl,Cable-Overhead-Curl_Upper-Arms_converted.gif
Ez-Bar Preacher Curl,EZ Barbell Preacher Curl,EZ-Barbell-Preacher-Curl_Upper-Arms__converted 2.gif
Seated Dumbbell Curl,Dumbbell Seated Curl,Dumbbell-Seated-Curl_Upper-Arms_converted.gif
Single-Arm Cable Bicep Curl,Cable One Arm Curl,Cable-One-Arm-Curl_Upper-Arms_converted.gif
Single-Arm Dumbbell Preacher Curl,Dumbbell Preacher Curl,Dumbbell-Preacher-Curl_Upper-Arms_converted.gif
Spider Curl,EZ Barbell Spider Curl,EZ-Barbell-Spider-Curl_Upper-Arms-FIX__converted.gif
Strict Curl,Barbell Srtict Curl,Barbell-Srtict-Curl_Upper-Arms__converted.gif
Zottman Curl,Dumbbell Zottman Curl,Dumbbell-Zottman-Curl_Upper-Arms-FIX__converted.gif
Nordic Curl,Nordic Hamstring Curl (male),Nordic-Hamstring-Curl-(male)_Thighs__converted.gif
Deadlift,Barbell Deadlift,Barbell-Deadlift-(side-POV)-(male)_Hips__converted.gif
Single-Leg Deadlift,Barbell Single Leg Deadlift,Barbell-Single-Leg-Deadlift_Hips__converted.gif
Dumbbell Deadlift,Dumbbell Deadlift (VERSION 2) (male),Dumbbell-Deadlift_Hips_converted.gif
Single-Leg Dumbbell Deadlift,Dumbbell Single Leg Deadlift,Dumbbell-Single-Leg-Deadlift-(male)_Hips__converted.gif
Deficit Deadlift,Barbell Deadlift from Deficit,Barbell-Deadlift-from-Deficit_Hips__converted.gif
Jefferson Curl,Dumbbell Jefferson Curl (male),Dumbbell-Jefferson-Curl-(male)_Hips__converted.gif
Snatch Grip Deadlift,Barbell Snatch grip Deadlift (male),Barbell-Snatch-grip-Deadlift-(male)_Hips__converted.gif
Sumo Deadlift,Barbell Sumo Deadlift,Barbell-Sumo-Deadlift_Hips-FIX__converted.gif
Trap Bar Deadlift,Trap Bar Deadlift,Trap-Bar-Deadlift_Thighs-FIX__converted.gif
Stiff-Legged Deadlift,Barbell Stiff Legged Deadlift,Barbell-Stiff-Legged-Deadlift_Hips-FIX__converted.gif
Romanian Deadlift,Barbell Romanian Deadlift,Barbell-Romanian-Deadlift_Hips-FIX__converted.gif
Dumbbell Romanian Deadlift,Dumbbell Romanian Deadlift,Dumbbell-Romanian-Deadlift_Hips-FIX__converted.gif
Rack Pull,Barbell Rack Pull,Barbell-Rack-Pull_Hips__converted.gif
Hyperextension,Hyperextension,Hyperextension-(VERSION-2)_Hips_converted.gif
Machine Back Extension,Lever Back Extension,Lever-Back-Extension-(version-2)_Back_converted.gif
Reverse Hyperextension,Lever Reverse Hyperextension (plate loaded),Lever-Reverse-Hyperextension-(plate-loaded)_Hips_converted.gif
Weighted Hyperextension,Weighted Hyperextension,Weighted-Hyperextension-(on-stability-ball)_Waist__converted.gif
Cable Glute Kickback,Cable Kickback (male),Cable-kickback_Upper-arms__converted.gif
Machine Glute Kickback,Lever Glute Press (male),Lever-Glute-Press-(male)_Hips__converted.gif
Glute Kickback,Bent Leg Kickback (kneeling) (male),Bent-Leg-Kickback-(kneeling)-(male)_Hips-FIX__converted.gif
Dead Hang,Dead Hang Stretch,Dead-Hang-Stretch_Stretching__converted.gif
Bird Dog,Bird Dog male,Bird-Dog-male_Back_converted.gif
Dead Bug,Dead Bug,Dead-Bug_Waist__converted 2.gif
Side Lying Hip Abduction,Side Hip Abduction,Side-Hip-Abduction_Hips__converted.gif
Band Standing Hip Abduction,Resistance Band Standing Balance Hip Abduction (male),Resistance-Band-Standing-Balance-Hip-Abduction-(ma_converted.gif
Band Seated Hip Abduction,Resistance Band Seated Hip Abduction (VERSION 2),Resistance-Band-Seated-Hip-Abduction_Hips__converted.gif
Cable Hip Abduction,Cable hip abduction (version 2) (male),Cable-hip-abduction-(version-2)-(male)_Hips__converted.gif
Lever Side Hip Abduction,Lever Side Hip Abduction (female),Side-Hip-Abduction_Hips__converted.gif
Side Bridge Hip Abduction,Side Bridge Hip Abduction,Side-Bridge-Hip-Abduction_Hips__converted.gif
Side Lying Hip Adduction,Side Hip Abduction,Side-Hip-Abduction_Hips__converted.gif
Band Hip Adduction,Band hip adduction (male),Band-hip-adduction-(male)_Hips_converted.gif
Side Plank Hip Adduction,Side Plank Hip Adduction (bent knee),Side-Plank-Hip-Adduction-(bent-knee)_Hips__converted.gif
Standing Hip Adduction,Hip - Adduction,Hip---Adduction-FIX__converted.gif
Cable Hip Adduction,Cable Hip Adduction,Cable-Hip-Adduction_Thighs_converted.gif
Side Lying Leg Raise,Side Lying Leg Raise,Lying-Leg-Raise_Waist-FIX__converted.gif
Kneeling Hip Extension,Straight Leg Kickback (kneeling) (male),Straight-Leg-Kickback-(kneeling)-(male)_Hips__converted.gif
Hip Extension,Hip - Extension,Hip---Extension_converted.gif
Machine Hip Abduction,Lever Seated Hip Abduction,Lever-Seated-Hip-Abduction_Hips-FIX__converted.gif
Machine Hip Adduction,Lever Seated Hip Adduction,Lever-Seated-Hip-Adduction_Thighs_converted.gif
Lying Leg Curl,Lever Lying Leg Curl,Lever-Lying-Leg-Curl_Thighs-FIX__converted.gif
Seated Leg Curl,Lever Seated Leg Curl,Lever-Seated-Leg-Curl_Thighs-FIX__converted.gif
Slider Leg Curl,Sliding Leg Curl on Floor with Towel,Sliding-Leg-Curl-on-Floor-with-Towel_Hips_converted.gif
Stability-Ball Leg Curl,Exercise Ball Leg Curl,Exercise-Ball-Leg-Curl_Thighs__converted.gif
Cable Leg Extension,Cable Seated Leg Extension,Cable-Seated-Leg-Extension_Thighs__converted.gif
Leg Extension,Lever Leg Extension,Lever-Leg-Extension_Thighs_converted.gif
Compact Leg Press,Lever Linear Hack Squat (male),Lever-Linear-Hack-Squat-(male)_Thighs__converted.gif
Horizontal Leg Press,Lever Horizontal Leg Press,Lever-Horizontal-Leg-Press_Thighs__converted.gif
Single-Leg Press,Sled 45 degrees One Leg Press (female),Sled-45-degrees-One-Leg-Press_Hips-FIX__converted.gif
Flutter Kicks,Flutter Kicks (version 3),Flutter-Kicks-(version-2)_Hips_converted 2.gif
Hanging Knee Raise,Hanging Leg Hip Raise,Hanging-Leg-Hip-Raise_Waist_converted.gif
Hanging Leg Raise,Hanging Leg Raise,Cable-Hanging-Leg-Raise_Waist__converted.gif
Lying Leg Raise,Lying Leg Raise,Lying-Leg-Raise_Waist-FIX__converted.gif
Toes to Bar,Hanging Toes to Bar,Hanging-Toes-to-Bar_Waist__converted.gif
Barbell Lunge,Barbell Lunge,Barbell-Lunge_Thighs-FIX__converted.gif
Barbell Reverse Lunge,Barbell Rear Lunge,Barbell-Rear-Lunge-(VERSION-2)_Thighs__converted.gif
Barbell Walking Lunge,Barbell Walking Lunge,Barbell-Walking-Lunge_Thighs__converted.gif
Barbell Curtsy Lunge,Barbell Curtsey Lunge (female),Barbell-Curtsey-Lunge_Thighs__converted.gif
Dumbbell Lunge,Dumbbell Lunge,Dumbbell-Lunge_Hips-FIX2__converted.gif
Lunge,Forward Lunge (male),Forward-Lunge-(male)_Thighs_converted.gif
Reverse Lunge,Bodyweight Rear Lunge,Bodyweight-Rear-Lunge_Thighs_converted.gif
Lateral Lunge,Side Lunge,Side-Lunge_Thighs_converted.gif
Barbell Lateral Lunge,Barbell Lateral Lunge,Barbell-Lateral-Lunge_Hips_converted.gif
Close-Grip Lat Pulldown,Cable Close Grip Front Lat Pulldown,Cable-Close-Grip-Front-Lat-Pulldown_Back_converted.gif
Lat Pulldown,Cable Bar Lateral Pulldown,Cable-Bar-Lateral-Pulldown_Back_converted.gif
Single-Arm Lat Pulldown,Cable one arm lat pulldown,Cable-one-arm-lat-pulldown_back_converted.gif
Reverse-Grip Lat Pulldown,Cable Reverse Grip Pulldown,Cable-Reverse-Grip-Pulldown_Back__converted.gif
Straight Arm Lat Pulldown,Cable Straight Arm Pulldown,Cable-Straight-Arm-Pulldown-(with-rope-attachment)_converted.gif
Barbell Pullover,Barbell Pullover,Barbell-Pullover_Back__converted.gif
Bent-Arm Barbell Pullover,Barbell Bent Arm Pullover (male),Barbell-Bent-Arm-Pullover-(male)_Back__converted.gif
Dumbbell Pullover,Dumbbell Pullover (VERSION 2),Dumbbell-Pullover-(VERSION-2)_Back__converted.gif
Machine Pullover,Lever Pullover (plate loaded),Lever-Pullover-(plate-loaded)_Back__converted.gif
Archer Push-Up,Archer Push-up,Archer-Push-up_Chest_converted.gif
Close-Grip Push-Up,Close Grip Push up,Close-grip-Push-up-(on-knees)_Upper-Arms__converted.gif
Decline Push-Up,Decline Push Up m,Decline-Push-Up_Chest-FIX__converted.gif
Diamond Push-Up,Diamond Push up,Diamond-Push-up-(on-knees)_Upper-Arms_converted.gif
Handstand Push-Up,Handstand Push Up,Handstand-Push-Up_Shoulders__converted.gif
Incline Push-Up,Incline Push up,Incline-Push-Up-(on-box)_converted.gif
Kneeling Close-Grip Push-Up,Close-grip Push-up (on knees),Close-grip-Push-up-(on-knees)_Upper-Arms__converted.gif
Kneeling Push-Up,Kneeling Push-up (male),Kneeling-Push-up-(male)_Chest_converted.gif
Pike Push-Up,Pike Push up,Pike-Push-up-(on-Bench)-(VERSION-2)_Chest_converted.gif
Push-Up,Push up m,Push-up-m_Chest_converted.gif
Wide-Grip Push-Up,Wide Hand Push up,Wide-Hand-Push-up_Chest_converted.gif
Barbell Rear Delt Row,Barbell Rear Delt Row,Barbell-Rear-Delt-Row_Shoulders__converted.gif
Barbell Bent-Over Row,Barbell Bent Over Row,Barbell-Bent-Over-Row_Back__converted.gif
Barbell Upright Row,Barbell Upright Row,Barbell-Upright-Row_Shoulders_converted.gif
Bench Pull,Barbell Lying Row on Rack,Barbell-Lying-Row-on-Rack_Back__converted.gif
Cable Upright Row,Cable Upright Row,Cable-Upright-Row_Shoulders-FIX2__converted.gif
Dumbbell Bent-Over Row,Dumbbell Bent over Row,Dumbbell-Bent-Over-Row_Back-FIX__converted.gif
Dumbbell Upright Row,Dumbbell Upright Row,Dumbbell-Upright-Row_Shoulders-FIX_converted.gif
Endurance Row,Rowing (with rowing machine),Rowing-(with-rowing-machine)_Cardio_converted.gif
Inverted Row,Inverted Row,Inverted-Row_Back-FIX__converted.gif
Landmine Row,Lever Bent-over Row with V-bar (plate loaded),Lever-Bent-over-Row-with-V-bar-(plate-loaded)_Back_converted.gif
Pendlay Row,Barbell Pendlay Row,Barbell-Pendlay-Row_Back__converted.gif
Plate-Loaded High Row,Lever High Row (plate loaded),Lever-High-Row-(plate-loaded)-(VERSION-2)_Back_converted.gif
Plate-Loaded Low Row,Lever Low Row (plate loaded),Lever-Low-Row-(plate-loaded)_Back__converted.gif
Renegade Row,Dumbbell Renegade Row,Dumbbell-Renegade-Row_Back-FIX__converted.gif
Seal Row,Barbell Lying Seal Row on Rack,Barbell-Lying-Seal-Row-on-Rack_Back__converted.gif
Seated Cable Row,Cable seated row,Cable-Seated-Row_Back-FIX__converted.gif
Seated Machine Row,Lever Seated Row,Lever-Seated-Row-(version-2)_Back_converted.gif
T-Bar Row,Lever T bar Row (plate loaded),Lever-T-bar-Row-(plate-loaded)_Back_converted.gif
Medicine Ball Russian Twist,Russian Twist (with medicine ball),Russian-Twist-(with-medicine-ball)_Waist-FIX__converted.gif
Russian Twist,Russian Twist,Russian-Twist-(with-medicine-ball)_Waist-FIX__converted.gif
Dumbbell Side Bend,Dumbbell Side Bend,Dumbbell-Side-Bend_Waist-FIX__converted.gif
Back Squat,Barbell High Bar Squat,Barbell-High-Bar-Squat_Thighs__converted.gif
Barbell Bulgarian Split Squat,Barbell Single Leg Split Squat,Barbell-Single-Leg-Split-Squat_Hips__converted.gif
Dumbbell Bulgarian Split Squat,Dumbbell Bulgarian Split Squat (female),Dumbbell-Bulgarian-Split-Squat-with-Support-(male)_converted.gif
Goblet Bulgarian Split Squat,Dumbbell Goblet Bulgarian Split Squat,Dumbbell-Goblet-Bulgarian-Split-Squat_Thighs__converted.gif
Barbell Hack Squat,Barbell Hack Squat,Barbell-Hack-Squat_Hips-FIX__converted.gif
Barbell Split Squat,Barbell Split Squat,Barbell-Split-Squat-(VERSION-2)_Hips__converted.gif
Belt Squat,Lever Belt Squat,Lever-Belt-Squat_Thighs__converted.gif
Box Squat,Barbell Box Squat,Barbell-Box-Squat_Hips__converted.gif
Dumbbell Cossack Squat,Dumbbell Cossack Squats (male),Dumbbell-Cossack-Squats-(VERSION-2)-(male)_Thighs__converted.gif
Dumbbell Front Squat,Dumbbell Front Squat,Dumbbell-Front-Squat_Thighs-FIX__converted.gif
Dumbbell Split Squat,Dumbbell Split Squat,Dumbbell-Split-Squat_Thighs__converted.gif
Dumbbell Squat,Dumbbell Squat,Dumbbell-Squat_Thighs_converted.gif
Front Squat,Barbell Clean grip Front Squat,Barbell-Clean-grip-Front-Squat_Thighs-FIX__converted.gif
Goblet Squat,Dumbbell Goblet Squat,Dumbbell-Goblet-Squat_Thighs-FIX__converted.gif
Jefferson Squat,Barbell Jefferson Squat,Barbell-Jefferson-Squat_Thighs-FIX__converted.gif
Landmine Front Squat,Landmine Front Squat,Landmine-Front-Squat_Thighs__converted.gif
Machine Hack Squat,Sled Hack Squat,Sled-Hack-Squat_Hips_converted.gif
Pendulum Squat,Lever Pendulum Squat (plate loaded),Lever-Pendulum-Squat-(plate-loaded)_Thighs__converted.gif
V-Squat,Lever Squat (plate loaded),Lever-Squat-(plate-loaded)_Thighs_converted.gif
Pistol Squat,Single Leg Squat (pistol)male,Single-Leg-Squat-(pistol)-male_Thighs_converted.gif
Safety Bar Squat,Safety Bar Front Squat,Safety-Bar-Front-Squat_Thighs__converted.gif
Single-Leg Squat,Bodyweight Single Leg Squat (male),Bodyweight-Single-Leg-Squat-(male)_Thighs__converted.gif
Sissy Squat,Bodyweight Standing Sissy Squat,Bodyweight-Standing-Sissy-Squat_Thighs__converted.gif
Smith Machine Squat,Smith Full Squat,Smith-Full-Squat_Thighs__converted.gif
Squat Thrust,Squat Thrust,Squat-Thrust_Waist_converted.gif
Barbell Sumo Squat,Barbell sumo squat,Barbell-sumo-squat_Thighs_converted.gif
Zercher Squat,Barbell full Zercher Squat,Barbell-full-Zercher-Squat_Thighs_converted.gif
Dumbbell Thruster,Dumbbell Thruster,Dumbbell-Thruster_Thighs_converted 2.gif
Barbell Thruster,Barbell Thruster,Barbell-Thruster_Weightlifting__converted.gif
Dumbbell Tricep Kickback,Dumbbell Kickback,Dumbbell-Kickback_Upper-Arms_converted.gif
Lying Barbell Tricep Extension,Barbell Lying Triceps Extension,EZ-Barbell-Lying-Triceps-Extension-(male)_Upper-Arms__converted.gif
Lying Dumbbell Tricep Extension,Dumbbell Lying Triceps Extension,Dumbbell-Lying-Triceps-Extension_Upper-Arms-FIX__converted.gif
Lying EZ-Bar Tricep Extension,EZ Barbell Lying Triceps Extension (male),EZ-Barbell-Lying-Triceps-Extension-(male)_Upper-Arms__converted.gif
Machine Tricep Extension,Lever Triceps Extension (VERSION 2),Lever-Triceps-Extension-(VERSION-2)_Upper-Arms-FIX_converted.gif
Overhead Straight Bar Triceps Extension,Cable Overhead Tricep Extension Straight Bar (male),Cable-Overhead-Tricep-Extension-Straight-Bar-(male)_Upper-Arms__converted.gif
Overhead Rope Tricep Extension,Cable High Pulley Overhead Tricep Extension,Cable-High-Pulley-Overhead-Tricep-Extension_Upper-Arms_converted.gif
Reverse-Grip Tricep Pushdown,Cable Reverse Grip Triceps Pushdown (SZ-bar),Cable-Reverse-Grip-Triceps-Pushdown-(SZ-bar)_Upper-arms_converted.gif
Seated Dumbbell Tricep Extension,Dumbbell Seated Triceps Extension,Dumbbell-Seated-Triceps-Extension_Upper-Arms_converted.gif
Single-Arm Cable Tricep Extension,Cable Standing One Arm Triceps Extension,Cable-Standing-One-Arm-Triceps-Extension_Upper-Arms_converted.gif
Standing Dumbbell Tricep Extension,Dumbbell Standing Triceps Extension,Dumbbell-Standing-Triceps-Extension_Upper-Arms_converted.gif
Tate Press,Dumbbell Tate Press,Dumbbell-Tate-Press_Triceps_converted.gif
Tricep Pushdown With Bar,Cable Pushdown,Cable-Pushdown-(with-rope-attachment)_Upper-Arms-FIX__converted.gif
Tricep Pushdown With Rope,Cable Pushdown (with rope attachment),Cable-Pushdown-(with-rope-attachment)_Upper-Arms-FIX__converted.gif
Wall Sit,Wall sit (narrow stance) (male),Wall-sit-(narrow-stance)-(male)_Thighs__converted.gif
Weighted Wall Sit,Dumbbell Goblet Wall Sit (male),Dumbbell-Goblet-Wall-Sit-(male)_Thighs__converted.gif
Burpees,Burpee,Burpee_Cardio-FIX__converted.gif
Cable Pull Through,Cable Pull Through (with rope),Cable-pull-through_hips_converted.gif
Cable Anti-Rotation Chop,Cable Kneeling High Low Anti Rotation Chop (male),Cable-Kneeling-High-Low-Anti-Rotation-Chop-(male)__converted.gif
Good Morning,Barbell Good Morning,Barbell-Good-Morning_Thighs-FIX__converted.gif
Kettlebell Halo,Kettlebell Half Kneeling Halo (male),Kettlebell-Half-Kneeling-Halo-(male)_Shoulders__converted.gif
Kettlebell Swing,Kettlebell Swing,Kettlebell-Swing_Hips-FIX2__converted.gif
Medicine Ball Slam,Medicine Ball Overhead Slam,Medicine-Ball-Overhead-Slam_Back__converted.gif
Mountain Climbers,Mountain Climber,Mountain-Climber_Cardio-FIX__converted.gif
Pallof Press,Cable horizontal Pallof Press,Cable-horizontal-Pallof-Press_waist_converted.gif
Plate Pinch,Plate Pinch,Plate-Pinch_Forearms__converted.gif
Rotary Torso Twist,Lever Seated Twist,Lever-Seated-Twist_Waist-FIX__converted.gif
Stability Ball Pike Push-Up,Exercise Ball Pike Pushup,Exercise-Ball-Pike-Pushup_Chest__converted.gif
Step Up,Bodyweight Step-up on Stepbox,Bodyweight-Step-up-on-Stepbox_Thighs__converted.gif
Superman,Superman (male),Superman-(male)_Waist_converted.gif
Sitting Tibialis Raise,Sitting Floor Tibialis Raise (male),Sitting-Floor-Tibialis-Raise-(male)_Stretching__converted.gif
Smith Machine Reverse Calf Raise,Smith Reverse Calf Raises,Smith-Reverse-Calf-Raises_Calves_converted.gif
Wrist Roller,Wrist Roller,Wrist-Roller_Forearms__converted.gif
Plate Neck Flexion,Weighted Lying Neck Flexion,Weighted-Lying-Neck-Flexion_neck_converted.gif
Plate Neck Extension,Weighted Lying Neck Extension,Weighted-Lying-Neck-Extension-(with-head-harness)__converted.gif
Cable Seated Neck Extension,Cable Seated Neck Extension (with head harness),Cable-Seated-Neck-Extension-(with-head-harness)_Neck_converted.gif
Weighted Seated Neck Extension,Weighted Seated Neck Extension (with head harness),Weighted-Seated-Neck-Extension-(with-head-harness)_Neck_converted.gif
Weighted Lying Neck Extension,Weighted Lying Neck Extension (with head harness),Weighted-Lying-Neck-Extension-(with-head-harness)__converted.gif
Prone Neck Extension Hold,Prone Cervical Extension Isometric Hold,Prone-Cervical-Extension-Isometric-Hold_Neck__converted.gif
Prone Neck Extension,Prone Cervical Extension,Prone-Cervical-Extension_Neck__converted.gif
Suitcase Carry,Dumbbell Suitcase Carry,Dumbbell-Suitcase-Carry_Thighs__converted.gif
Sled Push,Power Sled Push (male),Power-Sled-Push-(male)_converted.gif
Plate-Loaded Incline Chest Press,Leverage Incline Chest Press,
Dumbbell Hang Clean,Dumbbell Hang Clean,
Dumbbell High Pull,Dumbbell High Pull,
Hang Power Clean,Barbell Hang Power Clean,
High Pull,Barbell High Pull (male),
Muscle Snatch,Barbell Muscle Snatch,
Squat Jerk,Squat Jerk,
Glute Bridge,Glute Bridge Two Legs on Floor,
Neutral-Grip Pull-Up,Shoulder Width Neutral Grip Pull-up,
Weighted Muscle-Up,Weighted Muscle-up (on bar),
Sit-Up,Sit Up (VERSION 2),
Side Crunch,Side Crunch,
Bradford Press,Barbell Standing Bradford Press,
Landmine Press,Landmine Half Kneeling Shoulders Press,
Overhead Pin Press,Barbell Standing Shoulder Pin Press,
Viking Press,StrongMan Viking Press,
Band External Rotation,Band standing external shoulder rotation,
Seated Dumbbell External Rotation,Dumbbell Seated External Shoulder Rotation,
Cable Lateral Raise,Cable Lateral Raise,
Plate Front Raise,Weighted Plate Standing High Front Raise,
Y Raise,Dumbbell Full Can Lateral Raise,
Power Shrug,Barbell Power Shrug,
Dumbbell Walking Calf Raise,Dumbbell Walking Calf Raise,
Single-Leg Seated Calf Raise,Lever seated one leg calf raise,
Seated Banded Calf Raise,Resistance Band Calf Raise,
Elliptical Stride,Walking on Elliptical Machine (VERSION 7) (female),
Reverse Wrist Curl,Barbell Revers Wrist Curl (VERSION 2),
Single-Arm Plate Wrist Curl,Weighted Seated One Arm Wrist Curl,
Cable Concentration Curl,Cable Concentration Curl,
Behind the Back Deadlift,Barbell Behind The Back Deadlift,
Jefferson Deadlift,Barbell Jefferson Deadlift,
Zercher Deadlift,Barbell Zercher Deadlift,
Single-Arm Dead Hang,Alternating Dead Hang (male),
Lever Side Hip Adduction,Lever Side Hip Adduction,
Hip Airplane,Warrior III Pose (female),
Standing Leg Curl,Lever Standing Leg Curl,
Leg Press,Sled 45 Leg Press,
Vertical Leg Press,Sled Vertical Leg Press,
L-Sit,L-sit,
Scissor Kicks,Lying Scissor Kick,
Chest-Supported Dumbbell Row,Dumbbell Row with Chest Supported,
Chest-Supported T-Bar Row,Lever Lying Banded T bar Row,
Dumbbell Bench Pull,Dumbbell Lying Row on Rack,
Dumbbell Rear Delt Row,Dumbbell Seated Bent Over Rear Delt Row,
Seated Single-Arm Cable Row,Cable Seated Single Arm Lats Focused Row,
Roman Chair Side Bend,45 degrees Side Bend (male),
Bodyweight Squat,Squat m,
Overhead Squat,Barbell Overhead Squat,
Pin Squat,Barbell Pin Squat,
Bent-Over Dumbbell Tricep Extension,Dumbbell Standing Bent Over Two Arm Triceps Extension,
Cable Tricep Kickback,Cable Two Arm Tricep Kickback,
Standing Barbell Tricep Extension,Barbell Standing Overhead Triceps Extension,
Frog Pump,Bodyweight Frog Pump,
Kettlebell Seated Tibialis Press,Kettlebell Sitting Tibialis Press,
Cable Seated Tibialis Press,Seated Tibialis Anterior Press (female),
Band Seated Tibialis Press,Resistance Band Sitting Floor Tibialis Press,
Barbell Standing Rocking Calf Raise,Barbell Standing Rocking Leg Calf Raise,
Machine Neck Extension,Lever Neck Extension (plate loaded),
Prone Neck Bridge,Neck Bridge Prone,
Plate Lying Neck Head Twist,Weighted Lying Neck Head Twist,
Chin Tuck,Chin Tuck,
Farmer's Walk,StrongMan Barbell Farmers Walk,
Dumbbell Overhead Carry,Dumbbell Overhead Carry,
Sled Pull,Power Sled Pull (male),
